I,n,d,e,x,,, ,t,i,m,e, ,(,m,s,),,, ,I,0, ,(,p,A,),,, ,V,0, ,(,m,V,)
1,800.04,0,-40.283201
6,800.24,0,-40.161131
11,800.44,0,-40.313719
16,800.64,0,-40.313719
21,800.84,0,-40.283201
26,801.04,0,-40.344236
31,801.24,0,-40.435789
36,801.44,0,-40.283201
41,801.64,0,-40.252684
46,801.84,0,-40.283201
51,802.04,0,-40.283201
56,802.24,0,-40.161131
61,802.44,0,-40.100096
66,802.64,0,-40.008543
71,802.84,0,-39.947508
76,803.04,0,-39.855955
81,803.24,0,-39.825438
86,803.44,0,-39.79492
91,803.64,0,-39.733885
96,803.84,0,-39.764402
101,804.04,0,-39.886473
106,804.24,0,-39.91699
111,804.44,0,-39.978025
116,804.64,0,-39.825438
121,804.84,0,-39.886473
126,805.04,0,-39.703367
131,805.24,0,-39.67285
136,805.44,0,-39.642332
141,805.64,0,-39.79492
146,805.84,0,-39.764402
151,806.04,0,-39.79492
156,806.24,0,-39.947508
161,806.44,0,-39.886473
166,806.64,0,-39.733885
171,806.84,0,-39.703367
176,807.04,0,-39.67285
181,807.24,0,-39.67285
186,807.44,0,-39.581297
191,807.64,0,-39.764402
196,807.84,0,-39.611815
201,808.04,0,-39.703367
206,808.24,0,-39.67285
211,808.44,0,-39.611815
216,808.64,0,-39.733885
221,808.84,0,-39.67285
226,809.04,0,-39.520262
231,809.24,0,-39.520262
236,809.44,0,-39.642332
241,809.64,0,-39.428709
246,809.84,0,-39.367674
251,810.04,0,-39.489744
256,810.24,0,-39.459227
261,810.44,0,-39.611815
266,810.64,0,-39.733885
271,810.84,0,-39.581297
276,811.04,0,-39.733885
281,811.24,0,-39.733885
286,811.44,0,-39.642332
291,811.64,0,-39.550779
296,811.84,0,-39.642332
301,812.04,0,-39.550779
306,812.24,0,-39.428709
311,812.44,0,-39.550779
316,812.64,0,-39.489744
321,812.84,0,-39.428709
326,813.04,0,-39.398191
331,813.24,0,-39.489744
336,813.44,0,-39.550779
341,813.64,0,-39.611815
346,813.84,0,-39.489744
351,814.04,0,-39.459227
356,814.24,0,-39.398191
361,814.44,0,-39.520262
366,814.64,0,-39.489744
371,814.84,0,-39.398191
376,815.04,0,-39.306639
381,815.24,0,-39.154051
386,815.44,0,-39.154051
391,815.64,0,-39.184568
396,815.84,0,-39.154051
401,816.04,0,-39.306639
406,816.24,0,-39.245604
411,816.44,0,-39.367674
416,816.64,0,-39.306639
421,816.84,0,-39.215086
426,817.04,0,-39.215086
431,817.24,0,-39.154051
436,817.44,0,-39.276121
441,817.64,0,-39.123533
446,817.84,0,-38.90991
451,818.04,0,-39.001463
456,818.24,0,-39.184568
461,818.44,0,-39.276121
466,818.64,0,-39.428709
471,818.84,0,-39.520262
476,819.04,0,-39.337156
481,819.24,0,-39.306639
486,819.44,0,-39.459227
491,819.64,0,-39.306639
496,819.84,0,-39.337156
501,820.04,0,-39.367674
506,820.24,0,-39.337156
511,820.44,0,-39.184568
516,820.64,0,-39.245604
521,820.84,0,-39.306639
526,821.04,0,-39.245604
531,821.24,0,-39.184568
536,821.44,0,-39.245604
541,821.64,0,-39.245604
546,821.84,0,-39.245604
551,822.04,0,-39.123533
556,822.24,0,-39.001463
561,822.44,0,-38.757322
566,822.64,0,-38.696287
571,822.84,0,-38.78784
576,823.04,0,-38.757322
581,823.24,0,-38.90991
586,823.44,0,-38.879393
591,823.64,0,-38.848875
596,823.84,0,-39.031981
601,824.04,0,-39.001463
606,824.24,0,-39.001463
611,824.44,0,-39.062498
616,824.64,0,-39.001463
621,824.84,0,-38.90991
626,825.04,0,-38.970945
631,825.24,0,-38.970945
636,825.44,0,-38.818358
641,825.64,0,-38.726805
646,825.84,0,-38.696287
651,826.04,0,-38.78784
656,826.24,0,-38.574217
661,826.44,0,-38.78784
666,826.64,0,-38.726805
671,826.84,0,-38.726805
676,827.04,0,-38.635252
681,827.24,0,-38.635252
686,827.44,0,-38.604734
691,827.64,0,-38.635252
696,827.84,0,-38.452147
701,828.04,0,-38.391111
706,828.24,0,-38.391111
711,828.44,0,-38.299559
716,828.64,0,-38.208006
721,828.84,0,-38.177488
726,829.04,0,-38.085936
731,829.24,0,-38.238524
736,829.44,0,-38.391111
741,829.64,0,-38.391111
746,829.84,0,-38.269041
751,830.04,0,-38.330076
756,830.24,0,-38.299559
761,830.44,0,-38.177488
766,830.64,0,-38.238524
771,830.84,0,-38.085936
776,831.04,0,-37.933348
781,831.24,0,-38.055418
786,831.44,0,-38.085936
791,831.64,0,-38.238524
796,831.84,0,-38.299559
801,832.04,0,-38.299559
806,832.24,0,-38.238524
811,832.44,0,-38.177488
816,832.64,0,-38.269041
821,832.84,0,-38.208006
826,833.04,0,-38.055418
831,833.24,0,-38.116453
836,833.44,0,-38.146971
841,833.64,0,-37.933348
846,833.84,0,-37.994383
851,834.04,0,-38.085936
856,834.24,0,-38.055418
861,834.44,0,-38.116453
866,834.64,0,-38.146971
871,834.84,0,-37.933348
876,835.04,0,-37.994383
881,835.24,0,-38.116453
886,835.44,0,-37.872313
891,835.64,0,-37.78076
896,835.84,0,-37.90283
901,836.04,0,-37.811278
906,836.24,0,-37.567137
911,836.44,0,-37.719725
916,836.64,0,-37.811278
921,836.84,0,-37.628172
926,837.04,0,-37.689207
931,837.24,0,-37.750242
936,837.44,0,-37.65869
941,837.64,0,-37.78076
946,837.84,0,-37.719725
951,838.04,0,-37.628172
956,838.24,0,-37.567137
961,838.44,0,-37.628172
966,838.64,0,-37.536619
971,838.84,0,-37.506102
976,839.04,0,-37.567137
981,839.24,0,-37.445067
986,839.44,0,-37.292479
991,839.64,0,-37.475584
996,839.84,0,-37.414549
1001,840.04,0,-37.353514
1006,840.24,0,-37.414549
1011,840.44,0,-37.353514
1016,840.64,0,-37.292479
1021,840.84,0,-37.231444
1026,841.04,0,-37.414549
1031,841.24,0,-37.170408
1036,841.44,0,-37.200926
1041,841.64,0,-37.139891
1046,841.84,0,-36.89575
1051,842.04,0,-36.987303
1056,842.24,0,-36.956785
1061,842.44,0,-37.078856
1066,842.64,0,-37.200926
1071,842.84,0,-37.292479
1076,843.04,0,-37.200926
1081,843.24,0,-37.109373
1086,843.44,0,-37.078856
1091,843.64,0,-36.89575
1096,843.84,0,-36.804197
1101,844.04,0,-36.956785
1106,844.24,0,-37.048338
1111,844.44,0,-36.956785
1116,844.64,0,-37.139891
1121,844.84,0,-37.170408
1126,845.04,0,-37.139891
1131,845.24,0,-37.292479
1136,845.44,0,-37.109373
1141,845.64,0,-37.017821
1146,845.84,0,-37.048338
1151,846.04,0,-37.048338
1156,846.24,0,-37.017821
1161,846.44,0,-36.987303
1166,846.64,0,-37.017821
1171,846.84,0,-36.956785
1176,847.04,0,-36.89575
1181,847.24,0,-36.834715
1186,847.44,0,-36.804197
1191,847.64,0,-36.743162
1196,847.84,0,-36.865233
1201,848.04,0,-36.712645
1206,848.24,0,-36.682127
1211,848.44,0,-36.834715
1216,848.64,0,-36.682127
1221,848.84,0,-36.682127
1226,849.04,0,-36.682127
1231,849.24,0,-36.682127
1236,849.44,0,-36.560057
1241,849.64,0,-36.712645
1246,849.84,0,-36.804197
1251,850.04,0,-36.590574
1256,850.24,0,-36.65161
1261,850.44,0,-36.77368
1266,850.64,0,-36.590574
1271,850.84,0,-36.712645
1276,851.04,0,-36.65161
1281,851.24,0,-36.437987
1286,851.44,0,-36.499022
1291,851.64,0,-36.529539
1296,851.84,0,-36.437987
1301,852.04,0,-36.315916
1306,852.24,0,-36.376951
1311,852.44,0,-36.529539
1316,852.64,0,-36.224364
1321,852.84,0,-36.376951
1326,853.04,0,-36.224364
1331,853.24,0,-36.102293
1336,853.44,0,-36.224364
1341,853.64,0,-36.193846
1346,853.84,0,-36.01074
1351,854.04,0,-36.071776
1356,854.24,0,-36.102293
1361,854.44,0,-35.949705
1366,854.64,0,-35.919188
1371,854.84,0,-35.88867
1376,855.04,0,-35.797117
1381,855.24,0,-35.827635
1386,855.44,0,-35.614012
1391,855.64,0,-35.705565
1396,855.84,0,-35.614012
1401,856.04,0,-35.64453
1406,856.24,0,-35.583494
1411,856.44,0,-35.614012
1416,856.64,0,-35.552977
1421,856.84,0,-35.522459
1426,857.04,0,-35.400389
1431,857.24,0,-35.522459
1436,857.44,0,-35.552977
1441,857.64,0,-35.583494
1446,857.84,0,-35.705565
1451,858.04,0,-35.64453
1456,858.24,0,-35.461424
1461,858.44,0,-35.430907
1466,858.64,0,-35.461424
1471,858.84,0,-35.308836
1476,859.04,0,-35.522459
1481,859.24,0,-35.278319
1486,859.44,0,-35.217283
1491,859.64,0,-35.247801
1496,859.84,0,-35.278319
1501,860.04,0,-35.186766
1506,860.24,0,-35.278319
1511,860.44,0,-35.278319
1516,860.64,0,-35.00366
1521,860.84,0,-34.942625
1526,861.04,0,-34.912108
1531,861.24,0,-34.729002
1536,861.44,0,-34.75952
1541,861.64,0,-34.698485
1546,861.84,0,-34.63745
1551,862.04,0,-34.75952
1556,862.24,0,-34.667967
1561,862.44,0,-34.729002
1566,862.64,0,-34.729002
1571,862.84,0,-34.75952
1576,863.04,0,-34.606932
1581,863.24,0,-34.484862
1586,863.44,0,-34.576414
1591,863.64,0,-34.576414
1596,863.84,0,-34.301756
1601,864.04,0,-34.210203
1606,864.24,0,-34.179686
1611,864.44,0,-34.149168
1616,864.64,0,-34.210203
1621,864.84,0,-34.240721
1626,865.04,0,-34.240721
1631,865.24,0,-34.118651
1636,865.44,0,-34.088133
1641,865.64,0,-33.99658
1646,865.84,0,-33.843993
1651,866.04,0,-33.99658
1656,866.24,0,-33.843993
1661,866.44,0,-33.813475
1666,866.64,0,-33.660887
1671,866.84,0,-33.599852
1676,867.04,0,-33.508299
1681,867.24,0,-33.538817
1686,867.44,0,-33.416746
1691,867.64,0,-33.233641
1696,867.84,0,-33.142088
1701,868.04,0,-33.142088
1706,868.24,0,-32.958983
1711,868.44,0,-33.172606
1716,868.64,0,-33.081053
1721,868.84,0,-32.836913
1726,869.04,0,-32.623289
1731,869.24,0,-32.592772
1736,869.44,0,-32.440184
1741,869.64,0,-32.226561
1746,869.84,0,-32.135008
1751,870.04,0,-32.135008
1756,870.24,0,-31.921385
1761,870.44,0,-31.921385
1766,870.64,0,-31.921385
1771,870.84,0,-31.921385
1776,871.04,0,-31.768797
1781,871.24,0,-31.524657
1786,871.44,0,-31.311034
1791,871.64,0,-31.127928
1796,871.84,0,-31.127928
1801,872.04,0,-30.670165
1806,872.24,0,-30.548094
1811,872.44,0,-30.395506
1816,872.64,0,-29.998778
1821,872.84,0,-30.090331
1826,873.04,0,-29.84619
1831,873.24,0,-29.449461
1836,873.44,0,-29.113768
1841,873.64,0,-28.503417
1846,873.84,0,-27.374266
1851,874.04,0,-25.329589
1856,874.24,0,-22.216796
1861,874.44,0,-18.646239
1866,874.64,0,-14.556884
1871,874.84,0,-9.8266597
1876,875.04,0,-3.7841795
1881,875.24,0,2.593994
1886,875.44,0,7.6293942
1891,875.64,0,11.047363
1896,875.84,0,13.153076
1901,876.04,0,13.885497
1906,876.24,0,13.916015
1911,876.44,0,13.214111
1916,876.64,0,11.871337
1921,876.84,0,9.8266597
1926,877.04,0,7.4462887
1931,877.24,0,4.760742
1936,877.44,0,1.7700194
1941,877.64,0,-1.0986328
1946,877.84,0,-4.0283201
1951,878.04,0,-6.9274899
1956,878.24,0,-9.6435542
1961,878.44,0,-12.573242
1966,878.64,0,-15.136718
1971,878.84,0,-17.700194
1976,879.04,0,-20.01953
1981,879.24,0,-22.03369
1986,879.44,0,-24.017333
1991,879.64,0,-25.787352
1996,879.84,0,-27.496337
2001,880.04,0,-28.96118
2006,880.24,0,-30.151366
2011,880.44,0,-31.402586
2016,880.64,0,-32.531737
2021,880.84,0,-33.599852
2026,881.04,0,-34.332274
2031,881.24,0,-35.308836
2036,881.44,0,-35.858153
2041,881.64,0,-36.468504
2046,881.84,0,-37.017821
2051,882.04,0,-37.445067
2056,882.24,0,-37.750242
2061,882.44,0,-38.146971
2066,882.64,0,-38.391111
2071,882.84,0,-38.482664
2076,883.04,0,-38.90991
2081,883.24,0,-39.184568
2086,883.44,0,-39.276121
2091,883.64,0,-39.550779
2096,883.84,0,-39.825438
2101,884.04,0,-40.008543
2106,884.24,0,-40.252684
2111,884.44,0,-40.435789
2116,884.64,0,-40.435789
2121,884.84,0,-40.588377
2126,885.04,0,-40.618895
2131,885.24,0,-40.527342
2136,885.44,0,-40.740965
2141,885.64,0,-40.863035
2146,885.84,0,-40.893553
2151,886.04,0,-40.92407
2156,886.24,0,-41.107176
2161,886.44,0,-41.290281
2166,886.64,0,-41.320799
2171,886.84,0,-41.442869
2176,887.04,0,-41.412352
2181,887.24,0,-41.473387
2186,887.44,0,-41.564939
2191,887.64,0,-41.68701
2196,887.84,0,-41.564939
2201,888.04,0,-41.656492
2206,888.24,0,-41.778562
2211,888.44,0,-41.68701
2216,888.64,0,-41.68701
2221,888.84,0,-41.992186
2226,889.04,0,-42.022703
2231,889.24,0,-41.900633
2236,889.44,0,-42.144773
2241,889.64,0,-42.053221
2246,889.84,0,-41.992186
2251,890.04,0,-42.175291
2256,890.24,0,-42.266844
2261,890.44,0,-42.083738
2266,890.64,0,-42.266844
2271,890.84,0,-42.419432
2276,891.04,0,-42.144773
2281,891.24,0,-42.327879
2286,891.44,0,-42.510984
2291,891.64,0,-42.449949
2296,891.84,0,-42.480467
2301,892.04,0,-42.572019
2306,892.24,0,-42.663572
2311,892.44,0,-42.69409
2316,892.64,0,-42.724607
2321,892.84,0,-42.724607
2326,893.04,0,-42.724607
2331,893.24,0,-42.755125
2336,893.44,0,-42.755125
2341,893.64,0,-42.755125
2346,893.84,0,-42.633055
2351,894.04,0,-42.69409
2356,894.24,0,-42.541502
2361,894.44,0,-42.510984
2366,894.64,0,-42.69409
2371,894.84,0,-42.785642
2376,895.04,0,-42.907713
2381,895.24,0,-42.999266
2386,895.44,0,-42.846678
2391,895.64,0,-42.724607
2396,895.84,0,-42.81616
2401,896.04,0,-42.69409
2406,896.24,0,-42.755125
2411,896.44,0,-42.81616
2416,896.64,0,-42.93823
2421,896.84,0,-43.273924
2426,897.04,0,-43.182371
2431,897.24,0,-43.212889
2436,897.44,0,-43.273924
2441,897.64,0,-43.273924
2446,897.84,0,-43.243406
2451,898.04,0,-43.365476
2456,898.24,0,-43.457029
2461,898.44,0,-43.518064
2466,898.64,0,-43.426512
2471,898.84,0,-43.640135
2476,899.04,0,-43.731687
2481,899.24,0,-43.792723
2486,899.44,0,-43.670652
2491,899.64,0,-43.82324
2496,899.84,0,-43.792723
2501,900.04,0,-43.884275
2506,900.24,0,-44.006346
2511,900.44,0,-43.884275
2516,900.64,0,-43.792723
2521,900.84,0,-43.94531
2526,901.04,0,-43.762205
2531,901.24,0,-43.884275
2536,901.44,0,-44.067381
2541,901.64,0,-43.94531
2546,901.84,0,-44.006346
2551,902.04,0,-44.128416
2556,902.24,0,-44.219969
2561,902.44,0,-44.189451
2566,902.64,0,-44.128416
2571,902.84,0,-44.158933
2576,903.04,0,-44.128416
2581,903.24,0,-44.158933
2586,903.44,0,-44.219969
2591,903.64,0,-44.158933
2596,903.84,0,-44.158933
2601,904.04,0,-44.433592
2606,904.24,0,-44.372556
2611,904.44,0,-44.464109
2616,904.64,0,-44.525144
2621,904.84,0,-44.403074
2626,905.04,0,-44.555662
2631,905.24,0,-44.677732
2636,905.44,0,-44.738767
2641,905.64,0,-44.494627
2646,905.84,0,-44.677732
2651,906.04,0,-44.58618
2656,906.24,0,-44.525144
2661,906.44,0,-44.494627
2666,906.64,0,-44.494627
2671,906.84,0,-44.311521
2676,907.04,0,-44.494627
2681,907.24,0,-44.525144
2686,907.44,0,-44.372556
2691,907.64,0,-44.372556
2696,907.84,0,-44.525144
2701,908.04,0,-44.464109
2706,908.24,0,-44.525144
2711,908.44,0,-44.677732
2716,908.64,0,-44.494627
2721,908.84,0,-44.372556
2726,909.04,0,-44.555662
2731,909.24,0,-44.525144
2736,909.44,0,-44.494627
2741,909.64,0,-44.616697
2746,909.84,0,-44.58618
2751,910.04,0,-44.555662
2756,910.24,0,-44.70825
2761,910.44,0,-44.525144
2766,910.64,0,-44.494627
2771,910.84,0,-44.494627
2776,911.04,0,-44.403074
2781,911.24,0,-44.372556
2786,911.44,0,-44.555662
2791,911.64,0,-44.555662
2796,911.84,0,-44.525144
2801,912.04,0,-44.677732
2806,912.24,0,-44.769285
2811,912.44,0,-44.616697
2816,912.64,0,-44.738767
2821,912.84,0,-44.677732
2826,913.04,0,-44.525144
2831,913.24,0,-44.494627
2836,913.44,0,-44.58618
2841,913.64,0,-44.342039
2846,913.84,0,-44.616697
2851,914.04,0,-44.738767
2856,914.24,0,-44.677732
2861,914.44,0,-44.70825
2866,914.64,0,-44.799803
2871,914.84,0,-44.677732
2876,915.04,0,-44.891355
2881,915.24,0,-44.860838
2886,915.44,0,-44.769285
2891,915.64,0,-44.799803
2896,915.84,0,-44.891355
2901,916.04,0,-44.83032
2906,916.24,0,-44.738767
2911,916.44,0,-44.83032
2916,916.64,0,-44.769285
2921,916.84,0,-44.677732
2926,917.04,0,-44.769285
2931,917.24,0,-44.95239
2936,917.44,0,-44.83032
2941,917.64,0,-44.83032
2946,917.84,0,-45.043943
2951,918.04,0,-44.860838
2956,918.24,0,-44.799803
2961,918.44,0,-44.95239
2966,918.64,0,-44.860838
2971,918.84,0,-44.769285
2976,919.04,0,-44.860838
2981,919.24,0,-44.95239
2986,919.44,0,-44.769285
2991,919.64,0,-44.769285
2996,919.84,0,-44.860838
3001,920.04,0,-44.799803
3006,920.24,0,-44.769285
3011,920.44,0,-44.799803
3016,920.64,0,-44.677732
3021,920.84,0,-44.83032
3026,921.04,0,-44.891355
3031,921.24,0,-44.860838
3036,921.44,0,-44.677732
3041,921.64,0,-44.70825
3046,921.84,0,-44.58618
3051,922.04,0,-44.494627
3056,922.24,0,-44.616697
3061,922.44,0,-44.58618
3066,922.64,0,-44.647215
3071,922.84,0,-44.616697
3076,923.04,0,-44.647215
3081,923.24,0,-44.616697
3086,923.44,0,-44.738767
3091,923.64,0,-44.70825
3096,923.84,0,-44.677732
3101,924.04,0,-44.769285
3106,924.24,0,-44.83032
3111,924.44,0,-44.677732
3116,924.64,0,-44.799803
3121,924.84,0,-44.921873
3126,925.04,0,-44.769285
3131,925.24,0,-44.83032
3136,925.44,0,-44.769285
3141,925.64,0,-44.799803
3146,925.84,0,-44.921873
3151,926.04,0,-44.83032
3156,926.24,0,-44.70825
3161,926.44,0,-44.616697
3166,926.64,0,-44.616697
3171,926.84,0,-44.58618
3176,927.04,0,-44.616697
3181,927.24,0,-44.70825
3186,927.44,0,-44.647215
3191,927.64,0,-44.403074
3196,927.84,0,-44.464109
3201,928.04,0,-44.494627
3206,928.24,0,-44.58618
3211,928.44,0,-44.616697
3216,928.64,0,-44.677732
3221,928.84,0,-44.616697
3226,929.04,0,-44.555662
3231,929.24,0,-44.616697
3236,929.44,0,-44.555662
3241,929.64,0,-44.616697
3246,929.84,0,-44.555662
3251,930.04,0,-44.616697
3256,930.24,0,-44.494627
3261,930.44,0,-44.738767
3266,930.64,0,-44.677732
3271,930.84,0,-44.799803
3276,931.04,0,-44.70825
3281,931.24,0,-44.738767
3286,931.44,0,-44.616697
3291,931.64,0,-44.616697
3296,931.84,0,-44.738767
3301,932.04,0,-44.616697
3306,932.24,0,-44.494627
3311,932.44,0,-44.70825
3316,932.64,0,-44.555662
3321,932.84,0,-44.555662
3326,933.04,0,-44.525144
3331,933.24,0,-44.525144
3336,933.44,0,-44.464109
3341,933.64,0,-44.311521
3346,933.84,0,-44.372556
3351,934.04,0,-44.372556
3356,934.24,0,-44.372556
3361,934.44,0,-44.250486
3366,934.64,0,-44.158933
3371,934.84,0,-44.097898
3376,935.04,0,-44.097898
3381,935.24,0,-43.884275
3386,935.44,0,-44.067381
3391,935.64,0,-44.097898
3396,935.84,0,-44.281004
3401,936.04,0,-44.342039
3406,936.24,0,-44.189451
3411,936.44,0,-44.097898
3416,936.64,0,-44.219969
3421,936.84,0,-44.158933
3426,937.04,0,-44.006346
3431,937.24,0,-44.006346
3436,937.44,0,-44.036863
3441,937.64,0,-44.097898
3446,937.84,0,-44.006346
3451,938.04,0,-44.097898
3456,938.24,0,-44.067381
3461,938.44,0,-44.036863
3466,938.64,0,-44.128416
3471,938.84,0,-44.006346
3476,939.04,0,-43.94531
3481,939.24,0,-44.158933
3486,939.44,0,-44.006346
3491,939.64,0,-43.94531
3496,939.84,0,-43.914793
3501,940.04,0,-43.94531
3506,940.24,0,-43.853758
3511,940.44,0,-44.036863
3516,940.64,0,-43.975828
3521,940.84,0,-43.914793
3526,941.04,0,-43.914793
3531,941.24,0,-44.067381
3536,941.44,0,-44.128416
3541,941.64,0,-43.975828
3546,941.84,0,-44.067381
3551,942.04,0,-44.067381
3556,942.24,0,-43.853758
3561,942.44,0,-43.94531
3566,942.64,0,-43.792723
3571,942.84,0,-43.762205
3576,943.04,0,-43.82324
3581,943.24,0,-43.792723
3586,943.44,0,-43.670652
3591,943.64,0,-43.853758
3596,943.84,0,-43.914793
3601,944.04,0,-43.94531
3606,944.24,0,-44.036863
3611,944.44,0,-43.94531
3616,944.64,0,-43.884275
3621,944.84,0,-43.762205
3626,945.04,0,-43.914793
3631,945.24,0,-43.762205
3636,945.44,0,-43.762205
3641,945.64,0,-43.792723
3646,945.84,0,-43.70117
3651,946.04,0,-43.70117
3656,946.24,0,-43.792723
3661,946.44,0,-43.609617
3666,946.64,0,-43.670652
3671,946.84,0,-43.762205
3676,947.04,0,-43.70117
3681,947.24,0,-43.579099
3686,947.44,0,-43.609617
3691,947.64,0,-43.518064
3696,947.84,0,-43.365476
3701,948.04,0,-43.487547
3706,948.24,0,-43.395994
3711,948.44,0,-43.365476
3716,948.64,0,-43.457029
3721,948.84,0,-43.365476
3726,949.04,0,-43.487547
3731,949.24,0,-43.457029
3736,949.44,0,-43.487547
3741,949.64,0,-43.457029
3746,949.84,0,-43.518064
3751,950.04,0,-43.426512
3756,950.24,0,-43.395994
3761,950.44,0,-43.548582
3766,950.64,0,-43.548582
3771,950.84,0,-43.640135
3776,951.04,0,-43.640135
3781,951.24,0,-43.731687
3786,951.44,0,-43.579099
3791,951.64,0,-43.579099
3796,951.84,0,-43.731687
3801,952.04,0,-43.609617
3806,952.24,0,-43.457029
3811,952.44,0,-43.640135
3816,952.64,0,-43.426512
3821,952.84,0,-43.182371
3826,953.04,0,-43.365476
3831,953.24,0,-43.212889
3836,953.44,0,-43.273924
3841,953.64,0,-43.395994
3846,953.84,0,-43.518064
3851,954.04,0,-43.457029
3856,954.24,0,-43.579099
3861,954.44,0,-43.640135
3866,954.64,0,-43.426512
3871,954.84,0,-43.395994
3876,955.04,0,-43.518064
3881,955.24,0,-43.334959
3886,955.44,0,-43.365476
3891,955.64,0,-43.457029
3896,955.84,0,-43.365476
3901,956.04,0,-43.304441
3906,956.24,0,-43.487547
3911,956.44,0,-43.548582
3916,956.64,0,-43.487547
3921,956.84,0,-43.487547
3926,957.04,0,-43.518064
3931,957.24,0,-43.304441
3936,957.44,0,-43.457029
3941,957.64,0,-43.457029
3946,957.84,0,-43.457029
3951,958.04,0,-43.426512
3956,958.24,0,-43.334959
3961,958.44,0,-43.457029
3966,958.64,0,-43.365476
3971,958.84,0,-43.395994
3976,959.04,0,-43.518064
3981,959.24,0,-43.365476
3986,959.44,0,-43.395994
3991,959.64,0,-43.273924
3996,959.84,0,-43.243406
4001,960.04,0,-43.121336
4006,960.24,0,-43.151853
4011,960.44,0,-43.090818
4016,960.64,0,-43.029783
4021,960.84,0,-42.999266
4026,961.04,0,-43.060301
4031,961.24,0,-43.121336
4036,961.44,0,-43.243406
4041,961.64,0,-43.212889
4046,961.84,0,-43.212889
4051,962.04,0,-43.273924
4056,962.24,0,-43.212889
4061,962.44,0,-43.060301
4066,962.64,0,-43.151853
4071,962.84,0,-42.999266
4076,963.04,0,-42.877195
4081,963.24,0,-42.999266
4086,963.44,0,-42.877195
4091,963.64,0,-42.907713
4096,963.84,0,-42.999266
4101,964.04,0,-43.029783
4106,964.24,0,-43.182371
4111,964.44,0,-43.151853
4116,964.64,0,-43.121336
4121,964.84,0,-43.090818
4126,965.04,0,-43.151853
4131,965.24,0,-42.877195
4136,965.44,0,-42.846678
4141,965.64,0,-42.907713
4146,965.84,0,-42.907713
4151,966.04,0,-42.755125
4156,966.24,0,-42.907713
4161,966.44,0,-43.121336
4166,966.64,0,-43.090818
4171,966.84,0,-43.182371
4176,967.04,0,-43.151853
4181,967.24,0,-43.029783
4186,967.44,0,-43.212889
4191,967.64,0,-43.151853
4196,967.84,0,-42.999266
4201,968.04,0,-42.999266
4206,968.24,0,-42.968748
4211,968.44,0,-43.060301
4216,968.64,0,-43.029783
4221,968.84,0,-43.121336
4226,969.04,0,-43.060301
4231,969.24,0,-43.182371
4236,969.44,0,-43.212889
4241,969.64,0,-43.182371
4246,969.84,0,-43.121336
4251,970.04,0,-43.212889
4256,970.24,0,-42.999266
4261,970.44,0,-42.999266
4266,970.64,0,-43.151853
4271,970.84,0,-42.93823
4276,971.04,0,-42.999266
4281,971.24,0,-42.968748
4286,971.44,0,-43.090818
4291,971.64,0,-43.090818
4296,971.84,0,-43.090818
4301,972.04,0,-43.212889
4306,972.24,0,-43.090818
4311,972.44,0,-42.999266
4316,972.64,0,-43.151853
4321,972.84,0,-43.060301
4326,973.04,0,-42.907713
4331,973.24,0,-42.846678
4336,973.44,0,-42.724607
4341,973.64,0,-42.755125
4346,973.84,0,-42.846678
4351,974.04,0,-42.81616
4356,974.24,0,-42.846678
4361,974.44,0,-42.846678
4366,974.64,0,-43.029783
4371,974.84,0,-42.999266
4376,975.04,0,-42.93823
4381,975.24,0,-42.846678
4386,975.44,0,-42.877195
4391,975.64,0,-42.785642
4396,975.84,0,-42.785642
4401,976.04,0,-42.81616
4406,976.24,0,-42.968748
4411,976.44,0,-43.029783
4416,976.64,0,-43.121336
4421,976.84,0,-43.060301
4426,977.04,0,-43.029783
4431,977.24,0,-42.968748
4436,977.44,0,-43.090818
4441,977.64,0,-42.968748
4446,977.84,0,-42.877195
4451,978.04,0,-42.846678
4456,978.24,0,-42.846678
4461,978.44,0,-42.724607
4466,978.64,0,-42.81616
4471,978.84,0,-42.999266
4476,979.04,0,-42.999266
4481,979.24,0,-43.090818
4486,979.44,0,-43.151853
4491,979.64,0,-42.999266
4496,979.84,0,-42.907713
4501,980.04,0,-42.999266
4506,980.24,0,-42.907713
4511,980.44,0,-42.81616
4516,980.64,0,-42.877195
4521,980.84,0,-42.968748
4526,981.04,0,-42.69409
4531,981.24,0,-42.785642
4536,981.44,0,-42.93823
4541,981.64,0,-42.785642
4546,981.84,0,-42.81616
4551,982.04,0,-42.81616
4556,982.24,0,-42.724607
4561,982.44,0,-42.877195
4566,982.64,0,-42.999266
4571,982.84,0,-42.877195
4576,983.04,0,-42.907713
4581,983.24,0,-42.907713
4586,983.44,0,-42.846678
4591,983.64,0,-42.81616
4596,983.84,0,-42.846678
4601,984.04,0,-42.81616
4606,984.24,0,-42.663572
4611,984.44,0,-42.755125
4616,984.64,0,-42.846678
4621,984.84,0,-42.785642
4626,985.04,0,-42.93823
4631,985.24,0,-42.81616
4636,985.44,0,-42.663572
4641,985.64,0,-42.602537
4646,985.84,0,-42.755125
4651,986.04,0,-42.541502
4656,986.24,0,-42.480467
4661,986.44,0,-42.572019
4666,986.64,0,-42.449949
4671,986.84,0,-42.449949
4676,987.04,0,-42.602537
4681,987.24,0,-42.510984
4686,987.44,0,-42.724607
4691,987.64,0,-42.755125
4696,987.84,0,-42.541502
4701,988.04,0,-42.541502
4706,988.24,0,-42.388914
4711,988.44,0,-42.388914
4716,988.64,0,-42.327879
4721,988.84,0,-42.480467
4726,989.04,0,-42.572019
4731,989.24,0,-42.480467
4736,989.44,0,-42.541502
4741,989.64,0,-42.602537
4746,989.84,0,-42.602537
4751,990.04,0,-42.663572
4756,990.24,0,-42.785642
4761,990.44,0,-42.541502
4766,990.64,0,-42.480467
4771,990.84,0,-42.724607
4776,991.04,0,-42.480467
4781,991.24,0,-42.449949
4786,991.44,0,-42.572019
4791,991.64,0,-42.449949
4796,991.84,0,-42.480467
4801,992.04,0,-42.480467
4806,992.24,0,-42.633055
4811,992.44,0,-42.419432
4816,992.64,0,-42.388914
4821,992.84,0,-42.510984
4826,993.04,0,-42.449949
4831,993.24,0,-42.541502
4836,993.44,0,-42.541502
4841,993.64,0,-42.388914
4846,993.84,0,-42.419432
4851,994.04,0,-42.388914
4856,994.24,0,-42.358396
4861,994.44,0,-42.388914
4866,994.64,0,-42.480467
4871,994.84,0,-42.419432
4876,995.04,0,-42.297361
4881,995.24,0,-42.419432
4886,995.44,0,-42.510984
4891,995.64,0,-42.327879
4896,995.84,0,-42.602537
4901,996.04,0,-42.572019
4906,996.24,0,-42.297361
4911,996.44,0,-42.266844
4916,996.64,0,-42.388914
4921,996.84,0,-42.175291
4926,997.04,0,-42.297361
4931,997.24,0,-42.358396
4936,997.44,0,-42.114256
4941,997.64,0,-41.93115
4946,997.84,0,-42.144773
4951,998.04,0,-42.144773
4956,998.24,0,-42.114256
4961,998.44,0,-42.327879
4966,998.64,0,-42.236326
4971,998.84,0,-42.053221
4976,999.04,0,-42.022703
4981,999.24,0,-42.053221
4986,999.44,0,-41.870115
4991,999.64,0,-41.961668
4996,999.84,0,-42.053221
5001,1000.04,0,-41.870115
5006,1000.24,0,-42.053221
5011,1000.44,0,-41.992186
5016,1000.64,0,-41.992186
5021,1000.84,0,-42.297361
5026,1001.04,0,-42.175291
5031,1001.24,0,-41.93115
5036,1001.44,0,-41.93115
5041,1001.64,0,-42.083738
5046,1001.84,0,-41.717527
5051,1002.04,0,-41.93115
5056,1002.24,0,-42.053221
5061,1002.44,0,-41.961668
5066,1002.64,0,-42.114256
5071,1002.84,0,-42.114256
5076,1003.04,0,-42.022703
5081,1003.24,0,-41.992186
5086,1003.44,0,-42.236326
5091,1003.64,0,-42.053221
5096,1003.84,0,-42.022703
5101,1004.04,0,-42.022703
5106,1004.24,0,-42.114256
5111,1004.44,0,-41.961668
5116,1004.64,0,-41.992186
5121,1004.84,0,-41.961668
5126,1005.04,0,-41.900633
5131,1005.24,0,-41.93115
5136,1005.44,0,-42.053221
5141,1005.64,0,-42.083738
5146,1005.84,0,-42.175291
5151,1006.04,0,-42.053221
5156,1006.24,0,-41.839598
5161,1006.44,0,-41.93115
5166,1006.64,0,-42.053221
5171,1006.84,0,-41.80908
5176,1007.04,0,-41.748045
5181,1007.24,0,-41.900633
5186,1007.44,0,-41.778562
5191,1007.64,0,-41.68701
5196,1007.84,0,-41.80908
5201,1008.04,0,-41.839598
5206,1008.24,0,-41.625975
5211,1008.44,0,-41.778562
5216,1008.64,0,-41.748045
5221,1008.84,0,-41.656492
5226,1009.04,0,-41.900633
5231,1009.24,0,-41.900633
5236,1009.44,0,-41.80908
5241,1009.64,0,-41.717527
5246,1009.84,0,-41.80908
5251,1010.04,0,-41.778562
5256,1010.24,0,-41.564939
5261,1010.44,0,-41.68701
5266,1010.64,0,-41.68701
5271,1010.84,0,-41.625975
5276,1011.04,0,-41.748045
5281,1011.24,0,-41.80908
5286,1011.44,0,-41.564939
5291,1011.64,0,-41.717527
5296,1011.84,0,-41.625975
5301,1012.04,0,-41.534422
5306,1012.24,0,-41.320799
5311,1012.44,0,-41.198729
5316,1012.64,0,-41.015623
5321,1012.84,0,-41.107176
5326,1013.04,0,-41.107176
5331,1013.24,0,-41.168211
5336,1013.44,0,-41.290281
5341,1013.64,0,-41.381834
5346,1013.84,0,-41.381834
5351,1014.04,0,-41.442869
5356,1014.24,0,-41.381834
5361,1014.44,0,-41.259764
5366,1014.64,0,-41.351316
5371,1014.84,0,-41.259764
5376,1015.04,0,-41.198729
5381,1015.24,0,-41.076658
5386,1015.44,0,-41.137693
5391,1015.64,0,-41.351316
5396,1015.84,0,-41.442869
5401,1016.04,0,-41.320799
5406,1016.24,0,-41.412352
5411,1016.44,0,-41.320799
5416,1016.64,0,-41.381834
5421,1016.84,0,-41.229246
5426,1017.04,0,-41.290281
5431,1017.24,0,-41.351316
5436,1017.44,0,-41.168211
5441,1017.64,0,-41.046141
5446,1017.84,0,-41.107176
5451,1018.04,0,-41.259764
5456,1018.24,0,-41.290281
5461,1018.44,0,-41.351316
5466,1018.64,0,-41.320799
5471,1018.84,0,-41.290281
5476,1019.04,0,-41.381834
5481,1019.24,0,-41.412352
5486,1019.44,0,-41.290281
5491,1019.64,0,-41.381834
5496,1019.84,0,-41.290281
5501,1020.04,0,-41.290281
5506,1020.24,0,-41.259764
5511,1020.44,0,-41.412352
5516,1020.64,0,-41.381834
5521,1020.84,0,-41.412352
5526,1021.04,0,-41.412352
5531,1021.24,0,-41.351316
5536,1021.44,0,-41.290281
5541,1021.64,0,-41.381834
5546,1021.84,0,-41.351316
5551,1022.04,0,-41.381834
5556,1022.24,0,-41.168211
5561,1022.44,0,-41.168211
5566,1022.64,0,-41.076658
5571,1022.84,0,-41.076658
5576,1023.04,0,-41.046141
5581,1023.24,0,-41.076658
5586,1023.44,0,-41.046141
5591,1023.64,0,-41.046141
5596,1023.84,0,-41.198729
5601,1024.04,0,-41.229246
5606,1024.24,0,-41.198729
5611,1024.44,0,-40.954588
5616,1024.64,0,-40.985105
5621,1024.84,0,-40.893553
5626,1025.04,0,-40.802
5631,1025.24,0,-40.771482
5636,1025.44,0,-40.832518
5641,1025.64,0,-40.863035
5646,1025.84,0,-40.954588
5651,1026.04,0,-40.92407
5656,1026.24,0,-40.954588
5661,1026.44,0,-40.832518
5666,1026.64,0,-41.076658
5671,1026.84,0,-40.985105
5676,1027.04,0,-40.954588
5681,1027.24,0,-40.832518
5686,1027.44,0,-40.832518
5691,1027.64,0,-40.740965
5696,1027.84,0,-40.832518
5701,1028.04,0,-40.863035
5706,1028.24,0,-40.954588
5711,1028.44,0,-40.985105
5716,1028.64,0,-41.046141
5721,1028.84,0,-41.107176
5726,1029.04,0,-41.168211
5731,1029.24,0,-41.168211
5736,1029.44,0,-41.168211
5741,1029.64,0,-41.229246
5746,1029.84,0,-41.198729
5751,1030.04,0,-41.107176
5756,1030.24,0,-41.137693
5761,1030.44,0,-41.320799
5766,1030.64,0,-41.137693
5771,1030.84,0,-40.985105
5776,1031.04,0,-41.168211
5781,1031.24,0,-41.168211
5786,1031.44,0,-41.137693
5791,1031.64,0,-41.290281
5796,1031.84,0,-41.198729
5801,1032.04,0,-41.168211
5806,1032.24,0,-41.137693
5811,1032.44,0,-41.259764
5816,1032.64,0,-41.046141
5821,1032.84,0,-41.107176
5826,1033.04,0,-41.137693
5831,1033.24,0,-41.076658
5836,1033.44,0,-41.076658
5841,1033.64,0,-41.229246
5846,1033.84,0,-41.259764
5851,1034.04,0,-41.259764
5856,1034.24,0,-41.351316
5861,1034.44,0,-41.290281
5866,1034.64,0,-41.076658
5871,1034.84,0,-41.290281
5876,1035.04,0,-41.290281
5881,1035.24,0,-41.137693
5886,1035.44,0,-41.168211
5891,1035.64,0,-41.137693
5896,1035.84,0,-41.046141
5901,1036.04,0,-41.198729
5906,1036.24,0,-41.351316
5911,1036.44,0,-41.229246
5916,1036.64,0,-41.229246
5921,1036.84,0,-41.351316
5926,1037.04,0,-41.290281
5931,1037.24,0,-41.259764
5936,1037.44,0,-41.320799
5941,1037.64,0,-41.259764
5946,1037.84,0,-41.107176
5951,1038.04,0,-41.107176
5956,1038.24,0,-40.92407
5961,1038.44,0,-40.67993
5966,1038.64,0,-40.802
5971,1038.84,0,-40.802
5976,1039.04,0,-40.863035
5981,1039.24,0,-40.985105
5986,1039.44,0,-40.92407
5991,1039.64,0,-40.863035
5996,1039.84,0,-41.076658
6001,1040.04,0,-41.015623
6006,1040.24,0,-40.771482
6011,1040.44,0,-40.893553
6016,1040.64,0,-40.649412
6021,1040.84,0,-40.740965
6026,1041.04,0,-40.832518
6031,1041.24,0,-41.046141
6036,1041.44,0,-40.954588
6041,1041.64,0,-40.985105
6046,1041.84,0,-40.954588
6051,1042.04,0,-40.954588
6056,1042.24,0,-40.863035
6061,1042.44,0,-40.954588
6066,1042.64,0,-40.954588
6071,1042.84,0,-40.802
6076,1043.04,0,-40.863035
6081,1043.24,0,-40.954588
6086,1043.44,0,-40.771482
6091,1043.64,0,-40.985105
6096,1043.84,0,-40.92407
6101,1044.04,0,-40.832518
6106,1044.24,0,-40.832518
6111,1044.44,0,-40.893553
6116,1044.64,0,-40.863035
6121,1044.84,0,-40.832518
6126,1045.04,0,-40.985105
6131,1045.24,0,-40.771482
6136,1045.44,0,-40.67993
6141,1045.64,0,-40.771482
6146,1045.84,0,-40.771482
6151,1046.04,0,-40.649412
6156,1046.24,0,-40.710447
6161,1046.44,0,-40.740965
6166,1046.64,0,-40.710447
6171,1046.84,0,-40.710447
6176,1047.04,0,-40.771482
6181,1047.24,0,-40.710447
6186,1047.44,0,-40.618895
6191,1047.64,0,-40.557859
6196,1047.84,0,-40.466307
6201,1048.04,0,-40.557859
6206,1048.24,0,-40.649412
6211,1048.44,0,-40.405272
6216,1048.64,0,-40.557859
6221,1048.84,0,-40.557859
6226,1049.04,0,-40.496824
6231,1049.24,0,-40.496824
6236,1049.44,0,-40.557859
6241,1049.64,0,-40.649412
6246,1049.84,0,-40.67993
6251,1050.04,0,-40.557859
6256,1050.24,0,-40.374754
6261,1050.44,0,-40.496824
6266,1050.64,0,-40.496824
6271,1050.84,0,-40.344236
6276,1051.04,0,-40.161131
6281,1051.24,0,-40.222166
6286,1051.44,0,-40.130613
6291,1051.64,0,-40.100096
6296,1051.84,0,-39.947508
6301,1052.04,0,-40.130613
6306,1052.24,0,-40.222166
6311,1052.44,0,-40.283201
6316,1052.64,0,-40.222166
6321,1052.84,0,-40.283201
6326,1053.04,0,-40.100096
6331,1053.24,0,-40.161131
6336,1053.44,0,-39.978025
6341,1053.64,0,-39.978025
6346,1053.84,0,-39.947508
6351,1054.04,0,-39.855955
6356,1054.24,0,-39.733885
6361,1054.44,0,-39.91699
6366,1054.64,0,-39.764402
6371,1054.84,0,-39.855955
6376,1055.04,0,-39.978025
6381,1055.24,0,-39.91699
6386,1055.44,0,-40.008543
6391,1055.64,0,-39.947508
6396,1055.84,0,-39.886473
6401,1056.04,0,-39.855955
6406,1056.24,0,-39.91699
6411,1056.44,0,-40.008543
6416,1056.64,0,-40.039061
6421,1056.84,0,-39.947508
6426,1057.04,0,-39.855955
6431,1057.24,0,-39.91699
6436,1057.44,0,-40.039061
6441,1057.64,0,-39.947508
6446,1057.84,0,-39.91699
6451,1058.04,0,-39.825438
6456,1058.24,0,-39.67285
6461,1058.44,0,-39.581297
6466,1058.64,0,-39.825438
6471,1058.84,0,-39.825438
6476,1059.04,0,-39.764402
6481,1059.24,0,-39.91699
6486,1059.44,0,-39.978025
6491,1059.64,0,-39.855955
6496,1059.84,0,-39.855955
6501,1060.04,0,-39.91699
6506,1060.24,0,-39.825438
6511,1060.44,0,-39.67285
6516,1060.64,0,-39.642332
6521,1060.84,0,-39.489744
6526,1061.04,0,-39.581297
6531,1061.24,0,-39.764402
6536,1061.44,0,-39.733885
6537,1061.48,0,-39.764402
6538,1061.52,0,-39.733885
6539,1061.56,0,-39.67285
6540,1061.6,0,-39.79492
6541,1061.64,0,-39.703367
6542,1061.68,0,-39.67285
6543,1061.72,0,-39.550779
6544,1061.76,0,-39.703367
6545,1061.8,0,-39.703367
6546,1061.84,0,-39.703367
6547,1061.88,0,-39.459227
6548,1061.92,0,-39.550779
6549,1061.96,0,-39.611815
6550,1062,0,-39.67285
6551,1062.04,0,-39.733885
6552,1062.08,0,-39.611815
6553,1062.12,0,-39.611815
6554,1062.16,0,-39.611815
6555,1062.2,0,-39.733885
6556,1062.24,0,-39.611815
6557,1062.28,0,-39.703367
6558,1062.32,0,-39.581297
6559,1062.36,0,-39.642332
6560,1062.4,0,-39.550779
6561,1062.44,0,-39.733885
6562,1062.48,0,-39.642332
6563,1062.52,0,-39.581297
6564,1062.56,0,-39.642332
6565,1062.6,0,-39.550779
6566,1062.64,0,-39.642332
6567,1062.68,0,-39.611815
6568,1062.72,0,-39.581297
6569,1062.76,0,-39.428709
6570,1062.8,0,-39.459227
6571,1062.84,0,-39.489744
6572,1062.88,0,-39.67285
6573,1062.92,0,-39.581297
6574,1062.96,0,-39.642332
6575,1063,0,-39.428709
6576,1063.04,0,-39.550779
6577,1063.08,0,-39.67285
6578,1063.12,0,-39.642332
6579,1063.16,0,-39.642332
6580,1063.2,0,-39.520262
6581,1063.24,0,-39.550779
6582,1063.28,0,-39.520262
6583,1063.32,0,-39.67285
6584,1063.36,0,-39.489744
6585,1063.4,0,-39.489744
6586,1063.44,0,-39.306639
6587,1063.48,0,-39.459227
6588,1063.52,0,-39.428709
6589,1063.56,0,-39.520262
6590,1063.6,0,-39.489744
6591,1063.64,0,-39.459227
6592,1063.68,0,-39.489744
6593,1063.72,0,-39.611815
6594,1063.76,0,-39.611815
6595,1063.8,0,-39.459227
6596,1063.84,0,-39.520262
6597,1063.88,0,-39.489744
6598,1063.92,0,-39.642332
6599,1063.96,0,-39.581297
6600,1064,0,-39.611815
6601,1064.04,0,-39.489744
6602,1064.08,0,-39.459227
6603,1064.12,0,-39.489744
6604,1064.16,0,-39.550779
6605,1064.2,0,-39.489744
6606,1064.24,0,-39.337156
6607,1064.28,0,-39.337156
6608,1064.32,0,-39.337156
6609,1064.36,0,-39.520262
6610,1064.4,0,-39.398191
6611,1064.44,0,-39.398191
6612,1064.48,0,-39.245604
6613,1064.52,0,-39.276121
6614,1064.56,0,-39.306639
6615,1064.6,0,-39.489744
6616,1064.64,0,-39.276121
6617,1064.68,0,-39.154051
6618,1064.72,0,-39.184568
6619,1064.76,0,-39.245604
6620,1064.8,0,-39.367674
6621,1064.84,0,-39.367674
6622,1064.88,0,-39.367674
6623,1064.92,0,-39.184568
6624,1064.96,0,-39.276121
6625,1065,0,-39.337156
6626,1065.04,0,-39.489744
6627,1065.08,0,-39.398191
6628,1065.12,0,-39.276121
6629,1065.16,0,-39.154051
6630,1065.2,0,-39.276121
6631,1065.24,0,-39.367674
6632,1065.28,0,-39.398191
6633,1065.32,0,-39.245604
6634,1065.36,0,-39.093016
6635,1065.4,0,-39.184568
6636,1065.44,0,-39.276121
6637,1065.48,0,-39.428709
6638,1065.52,0,-39.367674
6639,1065.56,0,-39.306639
6640,1065.6,-0.005,-39.093016
6641,1065.64,-0.005,-39.337156
6642,1065.68,-0.005,-39.337156
6643,1065.72,-0.005,-39.337156
6644,1065.76,-0.005,-39.337156
6645,1065.8,-0.005,-39.154051
6646,1065.84,-0.005,-39.184568
6647,1065.88,-0.005,-39.337156
6648,1065.92,-0.005,-39.367674
6649,1065.96,-0.005,-39.306639
6650,1066,-0.005,-39.306639
6651,1066.04,-0.005,-39.123533
6652,1066.08,-0.005,-39.428709
6653,1066.12,-0.005,-39.367674
6654,1066.16,-0.005,-39.459227
6655,1066.2,-0.005,-39.337156
6656,1066.24,-0.005,-39.245604
6657,1066.28,-0.005,-39.428709
6658,1066.32,-0.005,-39.398191
6659,1066.36,-0.005,-39.398191
6660,1066.4,-0.005,-39.398191
6661,1066.44,-0.005,-39.398191
6662,1066.48,-0.005,-39.306639
6663,1066.52,-0.005,-39.459227
6664,1066.56,-0.005,-39.459227
6665,1066.6,-0.005,-39.489744
6666,1066.64,-0.005,-39.459227
6667,1066.68,-0.005,-39.337156
6668,1066.72,-0.005,-39.337156
6669,1066.76,-0.005,-39.581297
6670,1066.8,-0.005,-39.367674
6671,1066.84,-0.005,-39.337156
6672,1066.88,-0.005,-39.276121
6673,1066.92,-0.005,-39.306639
6674,1066.96,-0.005,-39.398191
6675,1067,-0.005,-39.489744
6676,1067.04,-0.005,-39.398191
6677,1067.08,-0.005,-39.306639
6678,1067.12,-0.005,-39.306639
6679,1067.16,-0.005,-39.398191
6680,1067.2,-0.005,-39.581297
6681,1067.24,-0.005,-39.581297
6682,1067.28,-0.005,-39.489744
6683,1067.32,-0.005,-39.428709
6684,1067.36,-0.005,-39.459227
6685,1067.4,-0.005,-39.550779
6686,1067.44,-0.005,-39.733885
6687,1067.48,-0.005,-39.611815
6688,1067.52,-0.005,-39.520262
6689,1067.56,-0.005,-39.520262
6690,1067.6,-0.005,-39.581297
6691,1067.64,-0.005,-39.581297
6692,1067.68,-0.005,-39.733885
6693,1067.72,-0.005,-39.67285
6694,1067.76,-0.005,-39.581297
6695,1067.8,-0.005,-39.67285
6696,1067.84,-0.005,-39.581297
6697,1067.88,-0.005,-39.886473
6698,1067.92,-0.005,-39.733885
6699,1067.96,-0.005,-39.67285
6700,1068,-0.005,-39.642332
6701,1068.04,-0.005,-39.642332
6702,1068.08,-0.005,-39.67285
6703,1068.12,-0.005,-39.733885
6704,1068.16,-0.005,-39.703367
6705,1068.2,-0.005,-39.611815
6706,1068.24,-0.005,-39.764402
6707,1068.28,-0.005,-39.67285
6708,1068.32,-0.005,-39.764402
6709,1068.36,-0.005,-39.67285
6710,1068.4,-0.005,-39.764402
6711,1068.44,-0.005,-39.550779
6712,1068.48,-0.005,-39.67285
6713,1068.52,-0.005,-39.79492
6714,1068.56,-0.005,-39.733885
6715,1068.6,-0.005,-39.611815
6716,1068.64,-0.005,-39.642332
6717,1068.68,-0.005,-39.611815
6718,1068.72,-0.005,-39.611815
6719,1068.76,-0.005,-39.733885
6720,1068.8,-0.005,-39.581297
6721,1068.84,-0.005,-39.733885
6722,1068.88,-0.005,-39.611815
6723,1068.92,-0.005,-39.825438
6724,1068.96,-0.005,-39.79492
6725,1069,-0.005,-39.79492
6726,1069.04,-0.005,-39.642332
6727,1069.08,-0.005,-39.733885
6728,1069.12,-0.005,-39.581297
6729,1069.16,-0.005,-39.764402
6730,1069.2,-0.005,-39.642332
6731,1069.24,-0.005,-39.459227
6732,1069.28,-0.005,-39.581297
6733,1069.32,-0.005,-39.520262
6734,1069.36,-0.005,-39.825438
6735,1069.4,-0.005,-39.764402
6736,1069.44,-0.005,-39.764402
6737,1069.48,-0.005,-39.642332
6738,1069.52,-0.005,-39.764402
6739,1069.56,-0.005,-39.764402
6740,1069.6,-0.005,-39.855955
6741,1069.64,-0.005,-39.703367
6742,1069.68,-0.005,-39.67285
6743,1069.72,-0.005,-39.611815
6744,1069.76,-0.005,-39.642332
6745,1069.8,-0.005,-39.855955
6746,1069.84,-0.005,-39.79492
6747,1069.88,-0.005,-39.79492
6748,1069.92,-0.005,-39.611815
6749,1069.96,-0.005,-39.67285
6750,1070,-0.005,-39.733885
6751,1070.04,-0.005,-39.855955
6752,1070.08,-0.005,-39.733885
6753,1070.12,-0.005,-39.642332
6754,1070.16,-0.005,-39.550779
6755,1070.2,-0.005,-39.703367
6756,1070.24,-0.005,-39.703367
6757,1070.28,-0.005,-39.733885
6758,1070.32,-0.005,-39.764402
6759,1070.36,-0.005,-39.428709
6760,1070.4,-0.005,-39.642332
6761,1070.44,-0.005,-39.550779
6762,1070.48,-0.005,-39.642332
6763,1070.52,-0.005,-39.489744
6764,1070.56,-0.005,-39.550779
6765,1070.6,-0.005,-39.398191
6766,1070.64,-0.005,-39.642332
6767,1070.68,-0.005,-39.550779
6768,1070.72,-0.005,-39.550779
6769,1070.76,-0.005,-39.642332
6770,1070.8,-0.005,-39.520262
6771,1070.84,-0.005,-39.764402
6772,1070.88,-0.005,-39.67285
6773,1070.92,-0.005,-39.733885
6774,1070.96,-0.005,-39.67285
6775,1071,-0.005,-39.611815
6776,1071.04,-0.005,-39.489744
6777,1071.08,-0.005,-39.764402
6778,1071.12,-0.005,-39.642332
6779,1071.16,-0.005,-39.581297
6780,1071.2,-0.005,-39.550779
6781,1071.24,-0.005,-39.550779
6782,1071.28,-0.005,-39.67285
6783,1071.32,-0.005,-39.733885
6784,1071.36,-0.005,-39.642332
6785,1071.4,-0.005,-39.581297
6786,1071.44,-0.005,-39.703367
6787,1071.48,-0.005,-39.703367
6788,1071.52,-0.005,-39.855955
6789,1071.56,-0.005,-39.703367
6790,1071.6,-0.005,-39.79492
6791,1071.64,-0.005,-39.67285
6792,1071.68,-0.005,-39.703367
6793,1071.72,-0.005,-39.733885
6794,1071.76,-0.005,-39.855955
6795,1071.8,-0.005,-39.855955
6796,1071.84,-0.005,-39.733885
6797,1071.88,-0.005,-39.79492
6798,1071.92,-0.005,-39.733885
6799,1071.96,-0.005,-39.855955
6800,1072,-0.005,-39.764402
6801,1072.04,-0.005,-39.825438
6802,1072.08,-0.005,-39.581297
6803,1072.12,-0.005,-39.733885
6804,1072.16,-0.005,-39.703367
6805,1072.2,-0.005,-39.79492
6806,1072.24,-0.005,-39.703367
6807,1072.28,-0.005,-39.67285
6808,1072.32,-0.005,-39.520262
6809,1072.36,-0.005,-39.733885
6810,1072.4,-0.005,-39.79492
6811,1072.44,-0.005,-39.764402
6812,1072.48,-0.005,-39.764402
6813,1072.52,-0.005,-39.550779
6814,1072.56,-0.005,-39.733885
6815,1072.6,-0.005,-39.703367
6816,1072.64,-0.005,-39.855955
6817,1072.68,-0.005,-39.611815
6818,1072.72,-0.005,-39.611815
6819,1072.76,-0.005,-39.398191
6820,1072.8,-0.005,-39.67285
6821,1072.84,-0.005,-39.520262
6822,1072.88,-0.005,-39.550779
6823,1072.92,-0.005,-39.520262
6824,1072.96,-0.005,-39.520262
6825,1073,-0.005,-39.703367
6826,1073.04,-0.005,-39.79492
6827,1073.08,-0.005,-39.79492
6828,1073.12,-0.005,-39.79492
6829,1073.16,-0.005,-39.67285
6830,1073.2,-0.005,-39.703367
6831,1073.24,-0.005,-39.79492
6832,1073.28,-0.005,-39.733885
6833,1073.32,-0.005,-39.733885
6834,1073.36,-0.005,-39.642332
6835,1073.4,-0.005,-39.642332
6836,1073.44,-0.005,-39.703367
6837,1073.48,-0.005,-39.855955
6838,1073.52,-0.005,-39.79492
6839,1073.56,-0.005,-39.67285
6840,1073.6,-0.005,-39.764402
6841,1073.64,-0.005,-39.825438
6842,1073.68,-0.005,-40.039061
6843,1073.72,-0.005,-39.855955
6844,1073.76,-0.005,-39.855955
6845,1073.8,-0.005,-39.703367
6846,1073.84,-0.005,-39.764402
6847,1073.88,-0.005,-39.733885
6848,1073.92,-0.005,-39.91699
6849,1073.96,-0.005,-39.825438
6850,1074,-0.005,-39.764402
6851,1074.04,-0.005,-39.764402
6852,1074.08,-0.005,-39.764402
6853,1074.12,-0.005,-39.855955
6854,1074.16,-0.005,-39.855955
6855,1074.2,-0.005,-39.886473
6856,1074.24,-0.005,-39.733885
6857,1074.28,-0.005,-39.79492
6858,1074.32,-0.005,-39.79492
6859,1074.36,-0.005,-39.91699
6860,1074.4,-0.005,-39.825438
6861,1074.44,-0.005,-39.79492
6862,1074.48,-0.005,-39.79492
6863,1074.52,-0.005,-39.733885
6864,1074.56,-0.005,-39.855955
6865,1074.6,-0.005,-39.947508
6866,1074.64,-0.005,-39.91699
6867,1074.68,-0.005,-39.764402
6868,1074.72,-0.005,-39.947508
6869,1074.76,-0.005,-39.91699
6870,1074.8,-0.005,-40.100096
6871,1074.84,-0.005,-39.947508
6872,1074.88,-0.005,-39.978025
6873,1074.92,-0.005,-39.947508
6874,1074.96,-0.005,-39.947508
6875,1075,-0.005,-39.978025
6876,1075.04,-0.005,-40.039061
6877,1075.08,-0.005,-40.008543
6878,1075.12,-0.005,-39.91699
6879,1075.16,-0.005,-40.008543
6880,1075.2,-0.005,-39.91699
6881,1075.24,-0.005,-40.039061
6882,1075.28,-0.005,-39.978025
6883,1075.32,-0.005,-39.978025
6884,1075.36,-0.005,-39.825438
6885,1075.4,-0.005,-39.978025
6886,1075.44,-0.005,-39.91699
6887,1075.48,-0.005,-39.947508
6888,1075.52,-0.005,-39.855955
6889,1075.56,-0.005,-39.855955
6890,1075.6,-0.005,-39.886473
6891,1075.64,-0.005,-39.886473
6892,1075.68,-0.005,-39.91699
6893,1075.72,-0.005,-39.733885
6894,1075.76,-0.005,-39.825438
6895,1075.8,-0.005,-39.947508
6896,1075.84,-0.005,-40.008543
6897,1075.88,-0.005,-39.886473
6898,1075.92,-0.005,-39.947508
6899,1075.96,-0.005,-39.825438
6900,1076,-0.005,-39.886473
6901,1076.04,-0.005,-39.855955
6902,1076.08,-0.005,-40.039061
6903,1076.12,-0.005,-39.947508
6904,1076.16,-0.005,-39.79492
6905,1076.2,-0.005,-39.978025
6906,1076.24,-0.005,-39.79492
6907,1076.28,-0.005,-39.886473
6908,1076.32,-0.005,-40.039061
6909,1076.36,-0.005,-39.91699
6910,1076.4,-0.005,-39.733885
6911,1076.44,-0.005,-39.79492
6912,1076.48,-0.005,-39.825438
6913,1076.52,-0.005,-39.886473
6914,1076.56,-0.005,-39.855955
6915,1076.6,-0.005,-39.733885
6916,1076.64,-0.005,-39.825438
6917,1076.68,-0.005,-39.825438
6918,1076.72,-0.005,-39.947508
6919,1076.76,-0.005,-39.91699
6920,1076.8,-0.005,-39.947508
6921,1076.84,-0.005,-39.886473
6922,1076.88,-0.005,-40.008543
6923,1076.92,-0.005,-39.886473
6924,1076.96,-0.005,-40.130613
6925,1077,-0.005,-39.947508
6926,1077.04,-0.005,-40.069578
6927,1077.08,-0.005,-39.79492
6928,1077.12,-0.005,-39.978025
6929,1077.16,-0.005,-39.91699
6930,1077.2,-0.005,-39.947508
6931,1077.24,-0.005,-39.764402
6932,1077.28,-0.005,-39.733885
6933,1077.32,-0.005,-39.825438
6934,1077.36,-0.005,-39.825438
6935,1077.4,-0.005,-39.91699
6936,1077.44,-0.005,-39.79492
6937,1077.48,-0.005,-39.91699
6938,1077.52,-0.005,-39.855955
6939,1077.56,-0.005,-39.947508
6940,1077.6,-0.005,-39.855955
6941,1077.64,-0.005,-39.855955
6946,1077.84,-0.005,-39.733885
6951,1078.04,-0.005,-39.825438
6956,1078.24,-0.005,-39.91699
6961,1078.44,-0.005,-39.91699
6966,1078.64,-0.005,-39.79492
6971,1078.84,-0.005,-39.764402
6976,1079.04,-0.005,-39.79492
6981,1079.24,-0.005,-39.703367
6986,1079.44,-0.005,-39.825438
6991,1079.64,-0.005,-39.886473
6996,1079.84,-0.005,-39.91699
7001,1080.04,-0.005,-39.947508
7006,1080.24,-0.005,-40.039061
7011,1080.44,-0.005,-39.978025
7016,1080.64,-0.005,-40.100096
7021,1080.84,-0.005,-40.008543
7026,1081.04,-0.005,-40.008543
7031,1081.24,-0.005,-39.91699
7036,1081.44,-0.005,-40.039061
7041,1081.64,-0.005,-40.069578
7046,1081.84,-0.005,-40.008543
7051,1082.04,-0.005,-40.069578
7056,1082.24,-0.005,-40.161131
7061,1082.44,-0.005,-40.283201
7066,1082.64,-0.005,-40.222166
7071,1082.84,-0.005,-40.161131
7076,1083.04,-0.005,-40.130613
7081,1083.24,-0.005,-40.344236
7086,1083.44,-0.005,-40.252684
7091,1083.64,-0.005,-40.161131
7096,1083.84,-0.005,-40.161131
7101,1084.04,-0.005,-40.161131
7106,1084.24,-0.005,-40.161131
7111,1084.44,-0.005,-40.283201
7116,1084.64,-0.005,-40.405272
7121,1084.84,-0.005,-40.313719
7126,1085.04,-0.005,-40.313719
7131,1085.24,-0.005,-40.435789
7136,1085.44,-0.005,-40.344236
7141,1085.64,-0.005,-40.374754
7146,1085.84,-0.005,-40.466307
7151,1086.04,-0.005,-40.405272
7156,1086.24,-0.005,-40.374754
7161,1086.44,-0.005,-40.405272
7166,1086.64,-0.005,-40.344236
7171,1086.84,-0.005,-40.313719
7176,1087.04,-0.005,-40.466307
7181,1087.24,-0.005,-40.496824
7186,1087.44,-0.005,-40.374754
7191,1087.64,-0.005,-40.344236
7196,1087.84,-0.005,-40.618895
7201,1088.04,-0.005,-40.527342
7206,1088.24,-0.005,-40.740965
7211,1088.44,-0.005,-40.771482
7216,1088.64,-0.005,-40.710447
7221,1088.84,-0.005,-40.527342
7226,1089.04,-0.005,-40.771482
7231,1089.24,-0.005,-40.67993
7236,1089.44,-0.005,-40.588377
7241,1089.64,-0.005,-40.67993
7246,1089.84,-0.005,-40.649412
7251,1090.04,-0.005,-40.466307
7256,1090.24,-0.005,-40.557859
7261,1090.44,-0.005,-40.496824
7266,1090.64,-0.005,-40.557859
7271,1090.84,-0.005,-40.496824
7276,1091.04,-0.005,-40.466307
7281,1091.24,-0.005,-40.496824
7286,1091.44,-0.005,-40.588377
7291,1091.64,-0.005,-40.649412
7296,1091.84,-0.005,-40.496824
7301,1092.04,-0.005,-40.496824
7306,1092.24,-0.005,-40.496824
7311,1092.44,-0.005,-40.435789
7316,1092.64,-0.005,-40.466307
7321,1092.84,-0.005,-40.557859
7326,1093.04,-0.005,-40.588377
7331,1093.24,-0.005,-40.740965
7336,1093.44,-0.005,-40.954588
7341,1093.64,-0.005,-40.802
7346,1093.84,-0.005,-40.771482
7351,1094.04,-0.005,-40.985105
7356,1094.24,-0.005,-40.863035
7361,1094.44,-0.005,-40.893553
7366,1094.64,-0.005,-40.985105
7371,1094.84,-0.005,-40.893553
7376,1095.04,-0.005,-40.832518
7381,1095.24,-0.005,-40.985105
7386,1095.44,-0.005,-41.137693
7391,1095.64,-0.005,-41.168211
7396,1095.84,-0.005,-41.229246
7401,1096.04,-0.005,-41.198729
7406,1096.24,-0.005,-41.107176
7411,1096.44,-0.005,-41.198729
7416,1096.64,-0.005,-41.198729
7421,1096.84,-0.005,-41.046141
7426,1097.04,-0.005,-41.107176
7431,1097.24,-0.005,-41.137693
7436,1097.44,-0.005,-40.954588
7441,1097.64,-0.005,-41.015623
7446,1097.84,-0.005,-41.137693
7451,1098.04,-0.005,-41.168211
7456,1098.24,-0.005,-41.229246
7461,1098.44,-0.005,-41.320799
7466,1098.64,-0.005,-41.290281
7471,1098.84,-0.005,-41.168211
7476,1099.04,-0.005,-41.381834
7481,1099.24,-0.005,-41.381834
7486,1099.44,-0.005,-41.351316
7491,1099.64,-0.005,-41.229246
7496,1099.84,-0.005,-41.290281
7501,1100.04,-0.005,-41.290281
7506,1100.24,-0.005,-41.259764
7511,1100.44,-0.005,-41.290281
7516,1100.64,-0.005,-41.381834
7521,1100.84,-0.005,-41.351316
7526,1101.04,-0.005,-41.473387
7531,1101.24,-0.005,-41.412352
7536,1101.44,-0.005,-41.503904
7541,1101.64,-0.005,-41.595457
7546,1101.84,-0.005,-41.412352
7551,1102.04,-0.005,-41.320799
7556,1102.24,-0.005,-41.412352
7561,1102.44,-0.005,-41.107176
7566,1102.64,-0.005,-41.168211
7571,1102.84,-0.005,-41.198729
7576,1103.04,-0.005,-41.320799
7581,1103.24,-0.005,-41.442869
7586,1103.44,-0.005,-41.442869
7591,1103.64,-0.005,-41.503904
7596,1103.84,-0.005,-41.503904
7601,1104.04,-0.005,-41.473387
7606,1104.24,-0.005,-41.473387
7611,1104.44,-0.005,-41.198729
7616,1104.64,-0.005,-41.320799
7621,1104.84,-0.005,-41.290281
7626,1105.04,-0.005,-41.290281
7631,1105.24,-0.005,-41.442869
7636,1105.44,-0.005,-41.503904
7641,1105.64,-0.005,-41.656492
7646,1105.84,-0.005,-41.717527
7651,1106.04,-0.005,-41.656492
7656,1106.24,-0.005,-41.68701
7661,1106.44,-0.005,-41.748045
7666,1106.64,-0.005,-41.625975
7671,1106.84,-0.005,-41.595457
7676,1107.04,-0.005,-41.595457
7681,1107.24,-0.005,-41.595457
7686,1107.44,-0.005,-41.442869
7691,1107.64,-0.005,-41.503904
7696,1107.84,-0.005,-41.656492
7701,1108.04,-0.005,-41.778562
7706,1108.24,-0.005,-41.93115
7711,1108.44,-0.005,-41.870115
7716,1108.64,-0.005,-41.80908
7721,1108.84,-0.005,-41.778562
7726,1109.04,-0.005,-41.80908
7731,1109.24,-0.005,-41.656492
7736,1109.44,-0.005,-41.748045
7741,1109.64,-0.005,-41.778562
7746,1109.84,-0.005,-41.595457
7751,1110.04,-0.005,-41.717527
7756,1110.24,-0.005,-41.717527
7761,1110.44,-0.005,-41.778562
7766,1110.64,-0.005,-41.961668
7771,1110.84,-0.005,-42.053221
7776,1111.04,-0.005,-42.083738
7781,1111.24,-0.005,-41.961668
7786,1111.44,-0.005,-42.022703
7791,1111.64,-0.005,-41.93115
7796,1111.84,-0.005,-41.961668
7801,1112.04,-0.005,-42.053221
7806,1112.24,-0.005,-41.961668
7811,1112.44,-0.005,-41.961668
7816,1112.64,-0.005,-42.053221
7821,1112.84,-0.005,-42.114256
7826,1113.04,-0.005,-42.083738
7831,1113.24,-0.005,-42.297361
7836,1113.44,-0.005,-42.175291
7841,1113.64,-0.005,-42.175291
7846,1113.84,-0.005,-42.114256
7851,1114.04,-0.005,-42.236326
7856,1114.24,-0.005,-41.992186
7861,1114.44,-0.005,-41.992186
7866,1114.64,-0.005,-42.144773
7871,1114.84,-0.005,-42.083738
7876,1115.04,-0.005,-41.93115
7881,1115.24,-0.005,-42.022703
7886,1115.44,-0.005,-42.083738
7891,1115.64,-0.005,-42.053221
7896,1115.84,-0.005,-42.205809
7901,1116.04,-0.005,-42.175291
7906,1116.24,-0.005,-42.053221
7911,1116.44,-0.005,-42.114256
7916,1116.64,-0.005,-42.144773
7921,1116.84,-0.005,-41.992186
7926,1117.04,-0.005,-41.839598
7931,1117.24,-0.005,-41.80908
7936,1117.44,-0.005,-41.778562
7941,1117.64,-0.005,-41.839598
7946,1117.84,-0.005,-41.900633
7951,1118.04,-0.005,-41.900633
7956,1118.24,-0.005,-42.083738
7961,1118.44,-0.005,-42.083738
7966,1118.64,-0.005,-41.93115
7971,1118.84,-0.005,-42.053221
7976,1119.04,-0.005,-42.053221
7981,1119.24,-0.005,-42.053221
7986,1119.44,-0.005,-41.992186
7991,1119.64,-0.005,-42.083738
7996,1119.84,-0.005,-42.053221
8001,1120.04,-0.005,-41.93115
8006,1120.24,-0.005,-42.175291
8011,1120.44,-0.005,-42.266844
8016,1120.64,-0.005,-42.175291
8021,1120.84,-0.005,-42.205809
8026,1121.04,-0.005,-42.266844
8031,1121.24,-0.005,-42.144773
8036,1121.44,-0.005,-42.236326
8041,1121.64,-0.005,-42.327879
8046,1121.84,-0.005,-41.992186
8051,1122.04,-0.005,-42.114256
8056,1122.24,-0.005,-42.022703
8061,1122.44,-0.005,-41.93115
8066,1122.64,-0.005,-41.839598
8071,1122.84,-0.005,-41.961668
8076,1123.04,-0.005,-41.961668
8081,1123.24,-0.005,-42.083738
8086,1123.44,-0.005,-42.114256
8091,1123.64,-0.005,-42.144773
8096,1123.84,-0.005,-42.205809
8101,1124.04,-0.005,-42.358396
8106,1124.24,-0.005,-42.205809
8111,1124.44,-0.005,-42.083738
8116,1124.64,-0.005,-42.053221
8121,1124.84,-0.005,-42.236326
8126,1125.04,-0.005,-42.053221
8131,1125.24,-0.005,-42.022703
8136,1125.44,-0.005,-42.205809
8141,1125.64,-0.005,-42.083738
8146,1125.84,-0.005,-42.083738
8151,1126.04,-0.005,-42.236326
8156,1126.24,-0.005,-42.205809
8161,1126.44,-0.005,-42.175291
8166,1126.64,-0.005,-42.297361
8171,1126.84,-0.005,-42.175291
8176,1127.04,-0.005,-42.053221
8181,1127.24,-0.005,-42.144773
8186,1127.44,-0.005,-42.053221
8191,1127.64,-0.005,-41.900633
8196,1127.84,-0.005,-41.961668
8201,1128.04,-0.005,-41.748045
8206,1128.24,-0.005,-41.870115
8211,1128.44,-0.005,-42.022703
8216,1128.64,-0.005,-42.144773
8221,1128.84,-0.005,-42.022703
8226,1129.04,-0.005,-42.175291
8231,1129.24,-0.005,-42.144773
8236,1129.44,-0.005,-42.053221
8241,1129.64,-0.005,-41.992186
8246,1129.84,-0.005,-42.114256
8251,1130.04,-0.005,-41.748045
8256,1130.24,-0.005,-41.80908
8261,1130.44,-0.005,-41.870115
8266,1130.64,-0.005,-41.80908
8271,1130.84,-0.005,-41.778562
8276,1131.04,-0.005,-41.80908
8281,1131.24,-0.005,-41.900633
8286,1131.44,-0.005,-42.083738
8291,1131.64,-0.005,-41.961668
8296,1131.84,-0.005,-41.93115
8301,1132.04,-0.005,-41.961668
8306,1132.24,-0.005,-41.748045
8311,1132.44,-0.005,-41.748045
8316,1132.64,-0.005,-41.839598
8321,1132.84,-0.005,-41.961668
8326,1133.04,-0.005,-41.992186
8331,1133.24,-0.005,-41.992186
8336,1133.44,-0.005,-42.083738
8341,1133.64,-0.005,-42.175291
8346,1133.84,-0.005,-42.022703
8351,1134.04,-0.005,-42.236326
8356,1134.24,-0.005,-42.205809
8361,1134.44,-0.005,-42.144773
8366,1134.64,-0.005,-42.114256
8371,1134.84,-0.005,-42.175291
8376,1135.04,-0.005,-42.114256
8381,1135.24,-0.005,-42.175291
8386,1135.44,-0.005,-42.236326
8391,1135.64,-0.005,-42.114256
8396,1135.84,-0.005,-42.114256
8401,1136.04,-0.005,-42.266844
8406,1136.24,-0.005,-42.236326
8411,1136.44,-0.005,-42.358396
8416,1136.64,-0.005,-42.358396
8421,1136.84,-0.005,-42.236326
8426,1137.04,-0.005,-42.205809
8431,1137.24,-0.005,-42.388914
8436,1137.44,-0.005,-42.297361
8441,1137.64,-0.005,-42.266844
8446,1137.84,-0.005,-42.358396
8451,1138.04,-0.005,-42.266844
8456,1138.24,-0.005,-42.053221
8461,1138.44,-0.005,-42.205809
8466,1138.64,-0.005,-42.419432
8471,1138.84,-0.005,-42.175291
8476,1139.04,-0.005,-42.236326
8481,1139.24,-0.005,-42.297361
8486,1139.44,-0.005,-42.327879
8491,1139.64,-0.005,-42.236326
8496,1139.84,-0.005,-42.388914
8501,1140.04,-0.005,-42.175291
8506,1140.24,-0.005,-42.144773
8511,1140.44,-0.005,-42.236326
8516,1140.64,-0.005,-42.297361
8521,1140.84,-0.005,-42.053221
8526,1141.04,-0.005,-42.205809
8531,1141.24,-0.005,-42.205809
8536,1141.44,-0.005,-42.175291
8541,1141.64,-0.005,-42.205809
8546,1141.84,-0.005,-42.205809
8551,1142.04,-0.005,-42.205809
8556,1142.24,-0.005,-42.327879
8561,1142.44,-0.005,-42.388914
8566,1142.64,-0.005,-42.114256
8571,1142.84,-0.005,-42.083738
8576,1143.04,-0.005,-42.053221
8581,1143.24,-0.005,-41.961668
8586,1143.44,-0.005,-41.93115
8591,1143.64,-0.005,-41.93115
8596,1143.84,-0.005,-41.961668
8601,1144.04,-0.005,-41.93115
8606,1144.24,-0.005,-42.053221
8611,1144.44,-0.005,-42.053221
8616,1144.64,-0.005,-42.053221
8621,1144.84,-0.005,-42.175291
8626,1145.04,-0.005,-42.205809
8631,1145.24,-0.005,-41.961668
8636,1145.44,-0.005,-41.93115
8641,1145.64,-0.005,-41.961668
8646,1145.84,-0.005,-41.961668
8651,1146.04,-0.005,-41.961668
8656,1146.24,-0.005,-42.144773
8661,1146.44,-0.005,-42.175291
8666,1146.64,-0.005,-42.175291
8671,1146.84,-0.005,-42.175291
8676,1147.04,-0.005,-42.175291
8681,1147.24,-0.005,-42.236326
8686,1147.44,-0.005,-42.236326
8691,1147.64,-0.005,-42.022703
8696,1147.84,-0.005,-41.93115
8701,1148.04,-0.005,-41.93115
8706,1148.24,-0.005,-41.93115
8711,1148.44,-0.005,-41.961668
8716,1148.64,-0.005,-42.205809
8721,1148.84,-0.005,-42.175291
8726,1149.04,-0.005,-42.022703
8731,1149.24,-0.005,-42.175291
8736,1149.44,-0.005,-42.297361
8741,1149.64,-0.005,-42.175291
8746,1149.84,-0.005,-42.358396
8751,1150.04,-0.005,-42.266844
8756,1150.24,-0.005,-42.236326
8761,1150.44,-0.005,-42.083738
8766,1150.64,-0.005,-42.236326
8771,1150.84,-0.005,-42.022703
8776,1151.04,-0.005,-42.053221
8781,1151.24,-0.005,-42.266844
8786,1151.44,-0.005,-42.114256
8791,1151.64,-0.005,-42.175291
8796,1151.84,-0.005,-42.266844
8801,1152.04,-0.005,-42.297361
8806,1152.24,-0.005,-42.388914
8811,1152.44,-0.005,-42.358396
8816,1152.64,-0.005,-42.053221
8821,1152.84,-0.005,-42.053221
8826,1153.04,-0.005,-42.114256
8831,1153.24,-0.005,-42.022703
8836,1153.44,-0.005,-42.053221
8841,1153.64,-0.005,-42.175291
8846,1153.84,-0.005,-42.236326
8851,1154.04,-0.005,-42.175291
8856,1154.24,-0.005,-42.327879
8861,1154.44,-0.005,-42.327879
8866,1154.64,-0.005,-42.327879
8871,1154.84,-0.005,-42.480467
8876,1155.04,-0.005,-42.266844
8881,1155.24,-0.005,-42.205809
8886,1155.44,-0.005,-42.297361
8891,1155.64,-0.005,-42.358396
8896,1155.84,-0.005,-42.053221
8901,1156.04,-0.005,-42.144773
8906,1156.24,-0.005,-42.175291
8911,1156.44,-0.005,-42.053221
8916,1156.64,-0.005,-41.870115
8921,1156.84,-0.005,-41.80908
8926,1157.04,-0.005,-41.961668
8931,1157.24,-0.005,-42.175291
8936,1157.44,-0.005,-42.327879
8941,1157.64,-0.005,-42.175291
8946,1157.84,-0.005,-42.175291
8951,1158.04,-0.005,-42.144773
8956,1158.24,-0.005,-42.053221
8961,1158.44,-0.005,-41.992186
8966,1158.64,-0.005,-41.992186
8971,1158.84,-0.005,-42.114256
8976,1159.04,-0.005,-42.083738
8981,1159.24,-0.005,-42.144773
8986,1159.44,-0.005,-42.236326
8991,1159.64,-0.005,-42.053221
8996,1159.84,-0.005,-42.266844
9001,1160.04,-0.005,-42.205809
9006,1160.24,-0.005,-42.144773
9011,1160.44,-0.005,-42.114256
9016,1160.64,-0.005,-42.053221
9021,1160.84,-0.005,-42.083738
9026,1161.04,-0.005,-42.144773
9031,1161.24,-0.005,-42.175291
9036,1161.44,-0.005,-42.297361
9041,1161.64,-0.005,-42.297361
9046,1161.84,-0.005,-42.236326
9051,1162.04,-0.005,-42.175291
9056,1162.24,-0.005,-42.297361
9061,1162.44,-0.005,-42.388914
9066,1162.64,-0.005,-42.266844
9071,1162.84,-0.005,-42.205809
9076,1163.04,-0.005,-42.297361
9081,1163.24,-0.005,-42.144773
9086,1163.44,-0.005,-42.327879
9091,1163.64,-0.005,-42.449949
9096,1163.84,-0.005,-42.480467
9101,1164.04,-0.005,-42.541502
9106,1164.24,-0.005,-42.602537
9111,1164.44,-0.005,-42.541502
9116,1164.64,-0.005,-42.449949
9121,1164.84,-0.005,-42.541502
9126,1165.04,-0.005,-42.449949
9131,1165.24,-0.005,-42.327879
9136,1165.44,-0.005,-42.419432
9141,1165.64,-0.005,-42.327879
9146,1165.84,-0.005,-42.297361
9151,1166.04,-0.005,-42.358396
9156,1166.24,-0.005,-42.419432
9161,1166.44,-0.005,-42.449949
9166,1166.64,-0.005,-42.388914
9171,1166.84,-0.005,-42.541502
9176,1167.04,-0.005,-42.388914
9181,1167.24,-0.005,-42.449949
9186,1167.44,-0.005,-42.602537
9191,1167.64,-0.005,-42.388914
9196,1167.84,-0.005,-42.449949
9201,1168.04,-0.005,-42.449949
9206,1168.24,-0.005,-42.388914
9211,1168.44,-0.005,-42.327879
9216,1168.64,-0.005,-42.388914
9221,1168.84,-0.005,-42.327879
9226,1169.04,-0.005,-42.327879
9231,1169.24,-0.005,-42.205809
9236,1169.44,-0.005,-42.266844
9241,1169.64,-0.005,-42.297361
9246,1169.84,-0.005,-42.510984
9251,1170.04,-0.005,-42.480467
9256,1170.24,-0.005,-42.480467
9261,1170.44,-0.005,-42.236326
9266,1170.64,-0.005,-42.388914
9271,1170.84,-0.005,-42.327879
9276,1171.04,-0.005,-42.175291
9281,1171.24,-0.005,-42.175291
9286,1171.44,-0.005,-42.144773
9291,1171.64,-0.005,-41.961668
9296,1171.84,-0.005,-42.175291
9301,1172.04,-0.005,-42.358396
9306,1172.24,-0.005,-42.388914
9311,1172.44,-0.005,-42.388914
9316,1172.64,-0.005,-42.327879
9321,1172.84,-0.005,-42.358396
9326,1173.04,-0.005,-42.358396
9331,1173.24,-0.005,-42.205809
9336,1173.44,-0.005,-42.266844
9341,1173.64,-0.005,-42.449949
9346,1173.84,-0.005,-42.480467
9351,1174.04,-0.005,-42.358396
9356,1174.24,-0.005,-42.480467
9361,1174.44,-0.005,-42.449949
9366,1174.64,-0.005,-42.449949
9371,1174.84,-0.005,-42.572019
9376,1175.04,-0.005,-42.572019
9381,1175.24,-0.005,-42.480467
9386,1175.44,-0.005,-42.358396
9391,1175.64,-0.005,-42.572019
9396,1175.84,-0.005,-42.480467
9401,1176.04,-0.005,-42.419432
9406,1176.24,-0.005,-42.510984
9411,1176.44,-0.005,-42.510984
9416,1176.64,-0.005,-42.449949
9421,1176.84,-0.005,-42.602537
9426,1177.04,-0.005,-42.541502
9431,1177.24,-0.005,-42.388914
9436,1177.44,-0.005,-42.449949
9441,1177.64,-0.005,-42.419432
9446,1177.84,-0.005,-42.449949
9451,1178.04,-0.005,-42.480467
9456,1178.24,-0.005,-42.510984
9461,1178.44,-0.005,-42.419432
9466,1178.64,-0.005,-42.449949
9471,1178.84,-0.005,-42.449949
9476,1179.04,-0.005,-42.480467
9481,1179.24,-0.005,-42.510984
9486,1179.44,-0.005,-42.510984
9491,1179.64,-0.005,-42.572019
9496,1179.84,-0.005,-42.480467
9501,1180.04,-0.005,-42.541502
9506,1180.24,-0.005,-42.602537
9511,1180.44,-0.005,-42.480467
9516,1180.64,-0.005,-42.69409
9521,1180.84,-0.005,-42.572019
9526,1181.04,-0.005,-42.419432
9531,1181.24,-0.005,-42.388914
9536,1181.44,-0.005,-42.510984
9541,1181.64,-0.005,-42.358396
9546,1181.84,-0.005,-42.388914
9551,1182.04,-0.005,-42.541502
9556,1182.24,-0.005,-42.236326
9561,1182.44,-0.005,-42.327879
9566,1182.64,-0.005,-42.358396
9571,1182.84,-0.005,-42.266844
9576,1183.04,-0.005,-42.480467
9581,1183.24,-0.005,-42.510984
9586,1183.44,-0.005,-42.388914
9591,1183.64,-0.005,-42.236326
9596,1183.84,-0.005,-42.297361
9601,1184.04,-0.005,-42.266844
9606,1184.24,-0.005,-42.175291
9611,1184.44,-0.005,-42.297361
9616,1184.64,-0.005,-42.419432
9621,1184.84,-0.005,-42.449949
9626,1185.04,-0.005,-42.449949
9631,1185.24,-0.005,-42.572019
9636,1185.44,-0.005,-42.541502
9641,1185.64,-0.005,-42.633055
9646,1185.84,-0.005,-42.541502
9651,1186.04,-0.005,-42.449949
9656,1186.24,-0.005,-42.633055
9661,1186.44,-0.005,-42.663572
9666,1186.64,-0.005,-42.510984
9671,1186.84,-0.005,-42.69409
9676,1187.04,-0.005,-42.81616
9681,1187.24,-0.005,-42.602537
9686,1187.44,-0.005,-42.633055
9691,1187.64,-0.005,-42.724607
9696,1187.84,-0.005,-42.663572
9701,1188.04,-0.005,-42.633055
9706,1188.24,-0.005,-42.724607
9711,1188.44,-0.005,-42.510984
9716,1188.64,-0.005,-42.541502
9721,1188.84,-0.005,-42.633055
9726,1189.04,-0.005,-42.510984
9731,1189.24,-0.005,-42.419432
9736,1189.44,-0.005,-42.449949
9741,1189.64,-0.005,-42.480467
9746,1189.84,-0.005,-42.480467
9751,1190.04,-0.005,-42.449949
9756,1190.24,-0.005,-42.480467
9761,1190.44,-0.005,-42.541502
9766,1190.64,-0.005,-42.572019
9771,1190.84,-0.005,-42.633055
9776,1191.04,-0.005,-42.572019
9781,1191.24,-0.005,-42.480467
9786,1191.44,-0.005,-42.541502
9791,1191.64,-0.005,-42.510984
9796,1191.84,-0.005,-42.449949
9801,1192.04,-0.005,-42.541502
9806,1192.24,-0.005,-42.510984
9811,1192.44,-0.005,-42.449949
9816,1192.64,-0.005,-42.572019
9821,1192.84,-0.005,-42.602537
9826,1193.04,-0.005,-42.602537
9831,1193.24,-0.005,-42.755125
9836,1193.44,-0.005,-42.724607
9841,1193.64,-0.005,-42.572019
9846,1193.84,-0.005,-42.602537
9851,1194.04,-0.005,-42.541502
9856,1194.24,-0.005,-42.510984
9861,1194.44,-0.005,-42.602537
9866,1194.64,-0.005,-42.572019
9871,1194.84,-0.005,-42.358396
9876,1195.04,-0.005,-42.419432
9881,1195.24,-0.005,-42.510984
9886,1195.44,-0.005,-42.572019
9891,1195.64,-0.005,-42.388914
9896,1195.84,-0.005,-42.266844
9901,1196.04,-0.005,-42.388914
9906,1196.24,-0.005,-42.388914
9911,1196.44,-0.005,-42.480467
9916,1196.64,-0.005,-42.419432
9921,1196.84,-0.005,-42.327879
9926,1197.04,-0.005,-42.297361
9931,1197.24,-0.005,-42.236326
9936,1197.44,-0.005,-42.175291
9941,1197.64,-0.005,-42.358396
9946,1197.84,-0.005,-42.358396
9951,1198.04,-0.005,-42.327879
9956,1198.24,-0.005,-42.480467
9961,1198.44,-0.005,-42.449949
9966,1198.64,-0.005,-42.388914
9971,1198.84,-0.005,-42.358396
9976,1199.04,-0.005,-42.358396
9981,1199.24,-0.005,-42.388914
9986,1199.44,-0.005,-42.602537
9991,1199.64,-0.005,-42.480467
9996,1199.84,-0.005,-42.541502
10001,1200.04,-0.005,-42.663572
10006,1200.24,-0.005,-42.572019
10011,1200.44,-0.005,-42.633055
10016,1200.64,-0.005,-42.663572
10021,1200.84,-0.005,-42.755125
10026,1201.04,-0.005,-42.572019
10031,1201.24,-0.005,-42.510984
10036,1201.44,-0.005,-42.663572
10041,1201.64,-0.005,-42.510984
10046,1201.84,-0.005,-42.510984
10051,1202.04,-0.005,-42.419432
10056,1202.24,-0.005,-42.266844
10061,1202.44,-0.005,-42.297361
10066,1202.64,-0.005,-42.236326
10071,1202.84,-0.005,-42.419432
10076,1203.04,-0.005,-42.480467
10081,1203.24,-0.005,-42.602537
10086,1203.44,-0.005,-42.602537
10091,1203.64,-0.005,-42.510984
10096,1203.84,-0.005,-42.572019
10101,1204.04,-0.005,-42.510984
10106,1204.24,-0.005,-42.510984
10111,1204.44,-0.005,-42.663572
10116,1204.64,-0.005,-42.602537
10121,1204.84,-0.005,-42.541502
10126,1205.04,-0.005,-42.633055
10131,1205.24,-0.005,-42.724607
10136,1205.44,-0.005,-42.663572
10141,1205.64,-0.005,-42.602537
10146,1205.84,-0.005,-42.663572
10151,1206.04,-0.005,-42.602537
10156,1206.24,-0.005,-42.663572
10161,1206.44,-0.005,-42.81616
10166,1206.64,-0.005,-42.663572
10171,1206.84,-0.005,-42.510984
10176,1207.04,-0.005,-42.633055
10181,1207.24,-0.005,-42.69409
10186,1207.44,-0.005,-42.602537
10191,1207.64,-0.005,-42.755125
10196,1207.84,-0.005,-42.69409
10201,1208.04,-0.005,-42.69409
10206,1208.24,-0.005,-42.663572
10211,1208.44,-0.005,-42.541502
10216,1208.64,-0.005,-42.633055
10221,1208.84,-0.005,-42.480467
10226,1209.04,-0.005,-42.602537
10231,1209.24,-0.005,-42.480467
10236,1209.44,-0.005,-42.449949
10241,1209.64,-0.005,-42.419432
10246,1209.84,-0.005,-42.327879
10251,1210.04,-0.005,-42.388914
10256,1210.24,-0.005,-42.541502
10261,1210.44,-0.005,-42.510984
10266,1210.64,-0.005,-42.449949
10271,1210.84,-0.005,-42.572019
10276,1211.04,-0.005,-42.602537
10281,1211.24,-0.005,-42.541502
10286,1211.44,-0.005,-42.724607
10291,1211.64,-0.005,-42.572019
10296,1211.84,-0.005,-42.541502
10301,1212.04,-0.005,-42.449949
10306,1212.24,-0.005,-42.480467
10311,1212.44,-0.005,-42.358396
10316,1212.64,-0.005,-42.419432
10321,1212.84,-0.005,-42.633055
10326,1213.04,-0.005,-42.663572
10331,1213.24,-0.005,-42.785642
10336,1213.44,-0.005,-42.785642
10341,1213.64,-0.005,-42.572019
10346,1213.84,-0.005,-42.69409
10351,1214.04,-0.005,-42.69409
10356,1214.24,-0.005,-42.633055
10361,1214.44,-0.005,-42.69409
10366,1214.64,-0.005,-42.602537
10371,1214.84,-0.005,-42.449949
10376,1215.04,-0.005,-42.388914
10381,1215.24,-0.005,-42.663572
10386,1215.44,-0.005,-42.724607
10391,1215.64,-0.005,-42.846678
10396,1215.84,-0.005,-42.907713
10401,1216.04,-0.005,-42.69409
10406,1216.24,-0.005,-42.633055
10411,1216.44,-0.005,-42.877195
10416,1216.64,-0.005,-42.81616
10421,1216.84,-0.005,-42.602537
10426,1217.04,-0.005,-42.785642
10431,1217.24,-0.005,-42.69409
10436,1217.44,-0.005,-42.633055
10441,1217.64,-0.005,-42.724607
10446,1217.84,-0.005,-42.785642
10451,1218.04,-0.005,-42.69409
10456,1218.24,-0.005,-42.846678
10461,1218.44,-0.005,-42.877195
10466,1218.64,-0.005,-42.785642
10471,1218.84,-0.005,-42.81616
10476,1219.04,-0.005,-42.93823
10481,1219.24,-0.005,-42.785642
10486,1219.44,-0.005,-42.81616
10491,1219.64,-0.005,-42.846678
10496,1219.84,-0.005,-42.663572
10501,1220.04,-0.005,-42.602537
10506,1220.24,-0.005,-42.785642
10511,1220.44,-0.005,-42.663572
10516,1220.64,-0.005,-42.69409
10521,1220.84,-0.005,-42.724607
10526,1221.04,-0.005,-42.724607
10531,1221.24,-0.005,-42.69409
10536,1221.44,-0.005,-42.633055
10541,1221.64,-0.005,-42.755125
10546,1221.84,-0.005,-42.69409
10551,1222.04,-0.005,-42.602537
10556,1222.24,-0.005,-42.663572
10561,1222.44,-0.005,-42.633055
10566,1222.64,-0.005,-42.510984
10571,1222.84,-0.005,-42.419432
10576,1223.04,-0.005,-42.449949
10581,1223.24,-0.005,-42.480467
10586,1223.44,-0.005,-42.572019
10591,1223.64,-0.005,-42.602537
10596,1223.84,-0.005,-42.663572
10601,1224.04,-0.005,-42.663572
10606,1224.24,-0.005,-42.633055
10611,1224.44,-0.005,-42.449949
10616,1224.64,-0.005,-42.449949
10621,1224.84,-0.005,-42.480467
10626,1225.04,-0.005,-42.419432
10631,1225.24,-0.005,-42.419432
10636,1225.44,-0.005,-42.602537
10641,1225.64,-0.005,-42.663572
10646,1225.84,-0.005,-42.81616
10651,1226.04,-0.005,-42.81616
10656,1226.24,-0.005,-42.785642
10661,1226.44,-0.005,-42.81616
10666,1226.64,-0.005,-42.785642
10671,1226.84,-0.005,-42.724607
10676,1227.04,-0.005,-42.785642
10681,1227.24,-0.005,-42.81616
10686,1227.44,-0.005,-42.755125
10691,1227.64,-0.005,-42.755125
10696,1227.84,-0.005,-42.724607
10701,1228.04,-0.005,-42.449949
10706,1228.24,-0.005,-42.358396
10711,1228.44,-0.005,-42.602537
10716,1228.64,-0.005,-42.541502
10721,1228.84,-0.005,-42.724607
10726,1229.04,-0.005,-42.846678
10731,1229.24,-0.005,-42.785642
10736,1229.44,-0.005,-42.724607
10741,1229.64,-0.005,-42.755125
10746,1229.84,-0.005,-42.785642
10751,1230.04,-0.005,-42.724607
10756,1230.24,-0.005,-42.846678
10761,1230.44,-0.005,-42.755125
10766,1230.64,-0.005,-42.633055
10771,1230.84,-0.005,-42.724607
10776,1231.04,-0.005,-42.877195
10781,1231.24,-0.005,-42.69409
10786,1231.44,-0.005,-42.755125
10791,1231.64,-0.005,-42.785642
10796,1231.84,-0.005,-42.846678
10801,1232.04,-0.005,-42.877195
10806,1232.24,-0.005,-42.999266
10811,1232.44,-0.005,-42.755125
10816,1232.64,-0.005,-42.81616
10821,1232.84,-0.005,-42.724607
10826,1233.04,-0.005,-42.785642
10831,1233.24,-0.005,-42.724607
10836,1233.44,-0.005,-42.81616
10841,1233.64,-0.005,-42.877195
10846,1233.84,-0.005,-42.785642
10851,1234.04,-0.005,-42.907713
10856,1234.24,-0.005,-43.029783
10861,1234.44,-0.005,-42.785642
10866,1234.64,-0.005,-42.724607
10871,1234.84,-0.005,-42.785642
10876,1235.04,-0.005,-42.755125
10881,1235.24,-0.005,-42.663572
10886,1235.44,-0.005,-42.755125
10891,1235.64,-0.005,-42.602537
10896,1235.84,-0.005,-42.572019
10901,1236.04,-0.005,-42.69409
10906,1236.24,-0.005,-42.663572
10911,1236.44,-0.005,-42.633055
10916,1236.64,-0.005,-42.602537
10921,1236.84,-0.005,-42.785642
10926,1237.04,-0.005,-42.69409
10931,1237.24,-0.005,-42.785642
10936,1237.44,-0.005,-42.877195
10941,1237.64,-0.005,-42.755125
10946,1237.84,-0.005,-42.785642
10951,1238.04,-0.005,-42.93823
10956,1238.24,-0.005,-42.907713
10961,1238.44,-0.005,-42.907713
10966,1238.64,-0.005,-42.907713
10971,1238.84,-0.005,-42.877195
10976,1239.04,-0.005,-43.029783
10981,1239.24,-0.005,-43.060301
10986,1239.44,-0.005,-42.907713
10991,1239.64,-0.005,-43.029783
10996,1239.84,-0.005,-43.029783
11001,1240.04,-0.005,-42.999266
11006,1240.24,-0.005,-42.907713
11011,1240.44,-0.005,-43.121336
11016,1240.64,-0.005,-43.060301
11021,1240.84,-0.005,-42.93823
11026,1241.04,-0.005,-43.090818
11031,1241.24,-0.005,-42.93823
11036,1241.44,-0.005,-43.060301
11041,1241.64,-0.005,-42.93823
11046,1241.84,-0.005,-43.151853
11051,1242.04,-0.005,-43.090818
11056,1242.24,-0.005,-43.151853
11061,1242.44,-0.005,-43.151853
11066,1242.64,-0.005,-43.090818
11071,1242.84,-0.005,-43.090818
11076,1243.04,-0.005,-43.121336
11081,1243.24,-0.005,-43.060301
11086,1243.44,-0.005,-43.029783
11091,1243.64,-0.005,-43.090818
11096,1243.84,-0.005,-43.090818
11101,1244.04,-0.005,-43.060301
11106,1244.24,-0.005,-43.212889
11111,1244.44,-0.005,-43.121336
11116,1244.64,-0.005,-42.999266
11121,1244.84,-0.005,-43.090818
11126,1245.04,-0.005,-43.243406
11131,1245.24,-0.005,-43.182371
11136,1245.44,-0.005,-43.090818
11141,1245.64,-0.005,-43.212889
11146,1245.84,-0.005,-43.121336
11151,1246.04,-0.005,-43.029783
11156,1246.24,-0.005,-42.968748
11161,1246.44,-0.005,-42.907713
11166,1246.64,-0.005,-42.999266
11171,1246.84,-0.005,-43.212889
11176,1247.04,-0.005,-43.151853
11181,1247.24,-0.005,-43.029783
11186,1247.44,-0.005,-42.999266
11191,1247.64,-0.005,-43.090818
11196,1247.84,-0.005,-43.090818
11201,1248.04,-0.005,-43.090818
11206,1248.24,-0.005,-42.999266
11211,1248.44,-0.005,-42.968748
11216,1248.64,-0.005,-43.029783
11221,1248.84,-0.005,-42.968748
11226,1249.04,-0.005,-42.907713
11231,1249.24,-0.005,-43.090818
11236,1249.44,-0.005,-43.029783
11241,1249.64,-0.005,-43.182371
11246,1249.84,-0.005,-43.243406
11251,1250.04,-0.005,-43.212889
11256,1250.24,-0.005,-43.121336
11261,1250.44,-0.005,-43.121336
11266,1250.64,-0.005,-43.029783
11271,1250.84,-0.005,-42.846678
11276,1251.04,-0.005,-42.999266
11281,1251.24,-0.005,-43.090818
11286,1251.44,-0.005,-43.090818
11291,1251.64,-0.005,-43.121336
11296,1251.84,-0.005,-43.243406
11301,1252.04,-0.005,-43.212889
11306,1252.24,-0.005,-43.365476
11311,1252.44,-0.005,-43.243406
11316,1252.64,-0.005,-43.090818
11321,1252.84,-0.005,-43.182371
11326,1253.04,-0.005,-43.029783
11331,1253.24,-0.005,-42.999266
11336,1253.44,-0.005,-42.907713
11341,1253.64,-0.005,-43.029783
11346,1253.84,-0.005,-43.060301
11351,1254.04,-0.005,-42.999266
11356,1254.24,-0.005,-43.121336
11361,1254.44,-0.005,-43.182371
11366,1254.64,-0.005,-43.212889
11371,1254.84,-0.005,-43.212889
11376,1255.04,-0.005,-43.365476
11381,1255.24,-0.005,-43.243406
11386,1255.44,-0.005,-43.334959
11391,1255.64,-0.005,-43.212889
11396,1255.84,-0.005,-43.029783
11401,1256.04,-0.005,-43.121336
11406,1256.24,-0.005,-43.182371
11411,1256.44,-0.005,-43.090818
11416,1256.64,-0.005,-43.090818
11421,1256.84,-0.005,-43.151853
11426,1257.04,-0.005,-43.182371
11431,1257.24,-0.005,-43.273924
11436,1257.44,-0.005,-43.151853
11441,1257.64,-0.005,-43.182371
11446,1257.84,-0.005,-43.151853
11451,1258.04,-0.005,-43.273924
11456,1258.24,-0.005,-43.182371
11461,1258.44,-0.005,-43.212889
11466,1258.64,-0.005,-43.212889
11471,1258.84,-0.005,-43.151853
11476,1259.04,-0.005,-42.968748
11481,1259.24,-0.005,-43.212889
11486,1259.44,-0.005,-43.182371
11491,1259.64,-0.005,-43.151853
11496,1259.84,-0.005,-43.060301
11501,1260.04,-0.005,-43.273924
11506,1260.24,-0.005,-43.029783
11511,1260.44,-0.005,-43.243406
11516,1260.64,-0.005,-43.365476
11521,1260.84,-0.005,-43.151853
11526,1261.04,-0.005,-42.999266
11531,1261.24,-0.005,-42.93823
11536,1261.44,-0.005,-42.785642
11541,1261.64,-0.005,-42.81616
11546,1261.84,-0.005,-42.877195
11551,1262.04,-0.005,-42.877195
11556,1262.24,-0.005,-42.93823
11561,1262.44,-0.005,-43.029783
11566,1262.64,-0.005,-43.121336
11571,1262.84,-0.005,-43.029783
11576,1263.04,-0.005,-43.060301
11581,1263.24,-0.005,-42.999266
11586,1263.44,-0.005,-42.999266
11591,1263.64,-0.005,-43.029783
11596,1263.84,-0.005,-42.81616
11601,1264.04,-0.005,-42.755125
11606,1264.24,-0.005,-42.785642
11611,1264.44,-0.005,-42.93823
11616,1264.64,-0.005,-43.060301
11621,1264.84,-0.005,-43.151853
11626,1265.04,-0.005,-42.999266
11631,1265.24,-0.005,-42.907713
11636,1265.44,-0.005,-43.090818
11641,1265.64,-0.005,-42.999266
11646,1265.84,-0.005,-42.907713
11651,1266.04,-0.005,-43.060301
11656,1266.24,-0.005,-43.060301
11661,1266.44,-0.005,-42.93823
11666,1266.64,-0.005,-42.846678
11671,1266.84,-0.005,-42.999266
11676,1267.04,-0.005,-42.93823
11681,1267.24,-0.005,-43.121336
11686,1267.44,-0.005,-43.151853
11691,1267.64,-0.005,-43.029783
11696,1267.84,-0.005,-43.060301
11701,1268.04,-0.005,-43.182371
11706,1268.24,-0.005,-43.151853
11711,1268.44,-0.005,-43.151853
11716,1268.64,-0.005,-43.243406
11721,1268.84,-0.005,-43.212889
11726,1269.04,-0.005,-43.151853
11731,1269.24,-0.005,-43.243406
11736,1269.44,-0.005,-43.365476
11741,1269.64,-0.005,-43.304441
11746,1269.84,-0.005,-43.334959
11751,1270.04,-0.005,-43.365476
11756,1270.24,-0.005,-43.212889
11761,1270.44,-0.005,-43.365476
11766,1270.64,-0.005,-43.334959
11771,1270.84,-0.005,-43.182371
11776,1271.04,-0.005,-43.273924
11781,1271.24,-0.005,-43.334959
11786,1271.44,-0.005,-43.090818
11791,1271.64,-0.005,-43.182371
11796,1271.84,-0.005,-43.426512
11801,1272.04,-0.005,-43.212889
11806,1272.24,-0.005,-43.151853
11811,1272.44,-0.005,-43.121336
11816,1272.64,-0.005,-43.090818
11821,1272.84,-0.005,-43.182371
11826,1273.04,-0.005,-43.395994
11831,1273.24,-0.005,-43.304441
11836,1273.44,-0.005,-43.243406
11841,1273.64,-0.005,-43.365476
11846,1273.84,-0.005,-43.304441
11851,1274.04,-0.005,-43.060301
11856,1274.24,-0.005,-43.121336
11861,1274.44,-0.005,-43.182371
11866,1274.64,-0.005,-42.999266
11871,1274.84,-0.005,-43.151853
11876,1275.04,-0.005,-43.273924
11881,1275.24,-0.005,-43.182371
11886,1275.44,-0.005,-43.304441
11891,1275.64,-0.005,-43.365476
11896,1275.84,-0.005,-43.273924
11901,1276.04,-0.005,-43.243406
11906,1276.24,-0.005,-43.029783
11911,1276.44,-0.005,-42.968748
11916,1276.64,-0.005,-43.029783
11921,1276.84,-0.005,-43.151853
11926,1277.04,-0.005,-43.243406
11931,1277.24,-0.005,-43.334959
11936,1277.44,-0.005,-43.426512
11941,1277.64,-0.005,-43.365476
11946,1277.84,-0.005,-43.212889
11951,1278.04,-0.005,-43.426512
11956,1278.24,-0.005,-43.334959
11961,1278.44,-0.005,-43.212889
11966,1278.64,-0.005,-43.151853
11971,1278.84,-0.005,-43.243406
11976,1279.04,-0.005,-43.212889
11981,1279.24,-0.005,-43.365476
11986,1279.44,-0.005,-43.518064
11991,1279.64,-0.005,-43.426512
11996,1279.84,-0.005,-43.457029
12001,1280.04,-0.005,-43.487547
12006,1280.24,-0.005,-43.487547
12011,1280.44,-0.005,-43.395994
12016,1280.64,-0.005,-43.457029
12021,1280.84,-0.005,-43.273924
12026,1281.04,-0.005,-43.304441
12031,1281.24,-0.005,-43.395994
12036,1281.44,-0.005,-43.487547
12041,1281.64,-0.005,-43.395994
12046,1281.84,-0.005,-43.365476
12051,1282.04,-0.005,-43.487547
12056,1282.24,-0.005,-43.365476
12061,1282.44,-0.005,-43.609617
12066,1282.64,-0.005,-43.548582
12071,1282.84,-0.005,-43.548582
12076,1283.04,-0.005,-43.609617
12081,1283.24,-0.005,-43.609617
12086,1283.44,-0.005,-43.487547
12091,1283.64,-0.005,-43.487547
12096,1283.84,-0.005,-43.609617
12101,1284.04,-0.005,-43.518064
12106,1284.24,-0.005,-43.548582
12111,1284.44,-0.005,-43.609617
12116,1284.64,-0.005,-43.518064
12121,1284.84,-0.005,-43.548582
12126,1285.04,-0.005,-43.640135
12131,1285.24,-0.005,-43.609617
12136,1285.44,-0.005,-43.579099
12141,1285.64,-0.005,-43.579099
12146,1285.84,-0.005,-43.579099
12151,1286.04,-0.005,-43.426512
12156,1286.24,-0.005,-43.426512
12161,1286.44,-0.005,-43.518064
12166,1286.64,-0.005,-43.426512
12171,1286.84,-0.005,-43.487547
12176,1287.04,-0.005,-43.334959
12181,1287.24,-0.005,-43.212889
12186,1287.44,-0.005,-43.304441
12191,1287.64,-0.005,-43.243406
12196,1287.84,-0.005,-43.273924
12201,1288.04,-0.005,-43.457029
12206,1288.24,-0.005,-43.579099
12211,1288.44,-0.005,-43.457029
12216,1288.64,-0.005,-43.365476
12221,1288.84,-0.005,-43.426512
12226,1289.04,-0.005,-43.212889
12231,1289.24,-0.005,-43.273924
12236,1289.44,-0.005,-43.304441
12241,1289.64,-0.005,-43.334959
12246,1289.84,-0.005,-43.304441
12251,1290.04,-0.005,-43.426512
12256,1290.24,-0.005,-43.670652
12261,1290.44,-0.005,-43.640135
12266,1290.64,-0.005,-43.853758
12271,1290.84,-0.005,-43.792723
12276,1291.04,-0.005,-43.762205
12281,1291.24,-0.005,-43.82324
12286,1291.44,-0.005,-43.731687
12291,1291.64,-0.005,-43.609617
12296,1291.84,-0.005,-43.640135
12301,1292.04,-0.005,-43.762205
12306,1292.24,-0.005,-43.640135
12311,1292.44,-0.005,-43.640135
12316,1292.64,-0.005,-43.792723
12321,1292.84,-0.005,-43.762205
12326,1293.04,-0.005,-43.884275
12331,1293.24,-0.005,-43.792723
12336,1293.44,-0.005,-43.640135
12341,1293.64,-0.005,-43.640135
12346,1293.84,-0.005,-43.82324
12351,1294.04,-0.005,-43.670652
12356,1294.24,-0.005,-43.640135
12361,1294.44,-0.005,-43.762205
12366,1294.64,-0.005,-43.731687
12371,1294.84,-0.005,-43.670652
12376,1295.04,-0.005,-43.70117
12381,1295.24,-0.005,-43.762205
12386,1295.44,-0.005,-43.762205
12391,1295.64,-0.005,-43.82324
12396,1295.84,-0.005,-43.792723
12401,1296.04,-0.005,-43.70117
12406,1296.24,-0.005,-43.762205
12411,1296.44,-0.005,-43.82324
12416,1296.64,-0.005,-43.670652
12421,1296.84,-0.005,-43.731687
12426,1297.04,-0.005,-43.548582
12431,1297.24,-0.005,-43.487547
12436,1297.44,-0.005,-43.426512
12441,1297.64,-0.005,-43.579099
12446,1297.84,-0.005,-43.640135
12451,1298.04,-0.005,-43.640135
12456,1298.24,-0.005,-43.70117
12461,1298.44,-0.005,-43.82324
12466,1298.64,-0.005,-43.609617
12471,1298.84,-0.005,-43.853758
12476,1299.04,-0.005,-43.82324
12481,1299.24,-0.005,-43.70117
12486,1299.44,-0.005,-43.762205
12491,1299.64,-0.005,-43.731687
12496,1299.84,-0.005,-43.640135
